id,name,model,type,total,majority,coalition,con,lab,ld,grn,ukip,pc,snp,ind,vacant,boundary,"ons code","start of records (or creation of council)","end of records (or abolition of council)",url,last
406,"City of London",,,125,IND,IND,0,5,0,0,0,0,0,120,0,,E09000001,2016,2023,http://democracy.cityoflondon.gov.uk/mgMemberIndex.aspx?FN=PARTY&VW=LIST&PIC=0,2019-04-30
405,"Isles of Scilly",,,16,IND,IND,0,0,0,0,0,0,0,15,1,,E06000053,2016,2023,http://committees.scilly.gov.uk/mgMemberIndex.aspx?bcr=1,2019-04-26
1,Buckinghamshire,C1,LC,49,CON,CON,39,1,4,0,0,0,0,5,0,,,2016,2023,https://democracy.buckscc.gov.uk/mgMemberIndex.aspx?FN=GROUPING&VW=TABLE&PIC=1,2019-04-26
2,Cambridgeshire,C1,LC,61,CON,CON,36,7,15,0,0,0,0,3,0,,,2016,2023,https://cambridgeshire.cmis.uk.com/ccc_live/Councillors.aspx,2019-05-08
3,Cumbria,C1,LC,84,NOC,LAB/LD,37,26,16,0,0,0,0,5,0,,,2016,2023,http://councilportal.cumbria.gov.uk/mgMemberIndex.aspx?FN=PARTY&VW=LIST&PIC=0,2019-04-26
4,Derbyshire,C1,LC,64,CON,CON,37,24,3,0,0,0,0,0,0,,,2016,2023,http://www.derbyshire.gov.uk/council/councillors/,2019-04-26
5,Devon,C1,LC,60,CON,CON,42,7,6,1,0,0,0,4,0,,,2016,2023,http://democracy.devon.gov.uk/mgMemberIndex.aspx?FN=PARTY&VW=LIST&PIC=0,2019-04-26
6,Dorset,C1,LC,46,CON,CON,33,1,10,2,0,0,0,0,0,"Merged with rural dorset councils to form Dorset from 2019",,2016,2018,http://dorset.moderngov.co.uk/mgMemberIndex.aspx?FN=PARTY&VW=LIST&PIC=0,2019-04-26
7,"East Sussex",C1,LC,50,CON,CON,30,4,11,0,0,0,0,5,0,,,2016,2023,https://democracy.eastsussex.gov.uk/mgMemberIndex.aspx?FN=PARTY&VW=LIST&PIC=0,2019-04-26
8,Essex,C1,LC,75,CON,CON,53,6,8,1,0,0,0,7,0,,,2016,2023,http://cmis.essexcc.gov.uk/essexcmis5/Councillors/tabid/62/ScreenMode/Alphabetical/Default.aspx,2019-04-26
9,Gloucestershire,C1,LC,53,CON,CON,31,5,13,2,0,0,0,1,1,,,2016,2023,http://glostext.gloucestershire.gov.uk/mgMemberIndex.aspx?FN=WARD&VW=LIST&PIC=0,2019-04-26
10,Hampshire,C1,LC,78,CON,CON,56,2,19,0,0,0,0,1,0,,,2016,2023,http://democracy.hants.gov.uk/mgMemberIndex.aspx?bcr=1,2019-04-26
11,Hertfordshire,C1,LC,78,CON,CON,50,10,18,0,0,0,0,0,0,,,2016,2023,https://democracy.hertfordshire.gov.uk/mgMemberIndex.aspx?bcr=1,2019-04-26
12,Kent,C1,LC,81,CON,CON,65,4,7,1,0,0,0,2,2,,,2016,2023,https://democracy.kent.gov.uk/mgMemberIndex.aspx?FN=WARD&VW=LIST&PIC=0,2019-04-26
13,Lancashire,C1,LC,84,CON,CON,45,30,4,1,1,0,0,3,0,,,2016,2023,http://council.lancashire.gov.uk/mgMemberIndex.aspx?FN=PARTY&VW=TABLE&PIC=1,2019-04-26
14,Leicestershire,C1,LC,55,CON,CON,36,6,13,0,0,0,0,0,0,,,2016,2023,http://politics.leics.gov.uk/mgMemberIndex.aspx?FN=PARTY&VW=LIST&PIC=0,2019-04-26
15,Lincolnshire,C1,LC,70,CON,CON,57,6,1,0,0,0,0,6,0,,,2016,2023,http://lincolnshire.moderngov.co.uk/mgMemberIndex.aspx?FN=PARTY&VW=LIST&PIC=0,2019-04-26
16,Norfolk,C1,LC,84,CON,CON,54,16,11,0,0,0,0,3,0,,,2016,2023,http://norfolkcc.cmis.uk.com/norfolkcc/Councillors/tabid/63/ScreenMode/Alphabetical/Default.aspx,2019-04-26
17,"North Yorkshire",C1,LC,72,CON,CON,53,4,4,0,0,0,0,11,0,,,2016,2023,http://democracy.northyorks.gov.uk/Committees.aspx?councillors=1,2019-04-26
18,Northamptonshire,C1,LC,57,CON,CON,42,11,2,0,0,0,0,2,0,,,2016,2023,https://cmis.northamptonshire.gov.uk/cmis5live/Councillors/tabid/62/ScreenMode/Alphabetical/Default.aspx,2019-04-26
19,Nottinghamshire,C1,LC,66,NOC,CON/IND,31,23,1,0,0,0,0,11,0,,,2016,2023,http://www.nottinghamshire.gov.uk/council-and-democracy/councillors/contact-a-councillor,2018-05-14
20,Oxfordshire,C1,LC,63,NOC,CON/IND,30,14,13,0,0,0,0,6,0,,,2016,2023,http://mycouncil.oxfordshire.gov.uk/mgMemberIndex.aspx?FN=PARTY&VW=TABLE&PIC=1,2019-04-26
21,Somerset,C1,LC,55,CON,CON,33,3,14,2,0,0,0,3,0,,,2016,2023,http://www1.somerset.gov.uk/council/councillors.asp,2019-04-26
22,Staffordshire,C1,LC,62,CON,CON,51,10,0,0,0,0,0,1,0,,,2016,2023,http://moderngov.staffordshire.gov.uk/mgMemberIndex.aspx?FN=PARTY&VW=LIST&PIC=0,2019-04-26
23,Suffolk,C1,LC,75,CON,CON,50,11,5,3,0,0,0,6,0,,,2016,2023,http://www.suffolk.gov.uk/council-and-democracy/councillors-and-elected-representatives/find-your-councillor/?ward=&party=&name=&action=SEARCH,2019-04-26
24,Surrey,C1,LC,81,CON,CON,59,1,9,1,0,0,0,10,1,,,2016,2023,http://mycouncil.surreycc.gov.uk/mgMemberIndex.aspx?VW=TABLE&PIC1=&FN=,2019-04-26
25,Warwickshire,C1,LC,57,CON,CON,36,10,8,2,0,0,0,1,0,,,2016,2023,https://democratic.warwickshire.gov.uk/cmis5/Councillors.aspx,2019-04-26
26,"West Sussex",C1,LC,70,CON,CON,56,4,9,0,0,0,0,0,1,,,2016,2023,https://www.westsussex.gov.uk/location-directories/find-your-councillor/?Keyword=&Location=&politicalParty=,2019-04-26
27,Worcestershire,C1,LC,57,CON,CON,40,10,3,2,0,0,0,2,0,,,2016,2023,http://worcestershire.moderngov.co.uk/mgMemberIndex.aspx?FN=PARTY&VW=LIST&PIC=0,2019-04-26
28,Allerdale,D1,LC,56,NOC,LAB/IND,14,15,0,0,0,0,0,20,0,"49 wards from 2019",E07000026,2016,2023,http://democracy.allerdale.gov.uk/mgMemberIndex.aspx?FN=PARTY&VW=LIST&PIC=0,2019-05-04
29,Arun,D1,LC,54,NOC,TBC,21,1,22,2,0,0,0,8,0,,E07000224,2016,2023,http://www1.arun.gov.uk/cgi-bin/aruncllrs.pl?ward=all,2019-05-04
30,Ashfield,D1,LC,35,IND,IND,3,2,0,0,0,0,0,0,0,,E07000170,2016,2023,https://democracy.ashfield-dc.gov.uk/mgMemberIndex.aspx?FN=PARTY&VW=LIST&PIC=0,2019-05-04
31,Ashford,D1,LC,43,CON,CON,26,7,0,2,0,0,0,1,0,"47 wards from 2019",E07000105,2016,2023,http://ashford.moderngov.co.uk/mgFindMember.aspx?XXR=0&AC=USERSEARCH&sPC=Enter%20postcode,2019-05-04
32,"Aylesbury Vale",D1,LC,59,CON,CON,38,2,12,1,0,0,0,6,0,,E07000004,2016,2023,http://www.aylesburyvaledc.gov.uk/councillors/?scmOverrideRecord=21R0112Cmk,2019-04-26
33,Babergh,D1,AA,43,NOC,TBC,15,2,3,4,0,0,0,8,0,,E07000200,2016,2023,http://baberghmidsuffolk.moderngov.co.uk/mgMemberIndexGroup.aspx?bcr=1&g=bdcc&m=bdccw,2019-05-04
34,Barrow-in-Furness,D1,LC,36,LAB,LAB,12,24,0,0,0,0,0,0,0,,E07000027,2016,2023,https://democracy.barrowbc.gov.uk/mgMemberIndex.aspx?bcr=1,2019-05-04
35,Bassetlaw,D1,LC,48,LAB,LAB,5,37,1,0,0,0,0,5,0,,E07000171,2016,2023,https://www.bassetlaw.gov.uk/council-and-democracy/local-councillors/your-local-councillor/,2019-05-04
36,Blaby,D1,LC,39,CON,CON,25,6,6,1,0,0,0,1,0,,E07000129,2016,2023,http://w3.blaby.gov.uk/decision-making/mgMemberIndex.aspx?FN=PARTY&VW=LIST&PIC=0,2019-05-04
37,Bolsover,D1,LC,37,NOC,TBC,2,18,1,0,0,0,0,16,0,"37 wards from 2019",E07000033,2016,2023,http://www.bolsover.gov.uk/index.php/your-council/committee-governance-constitution,2019-05-04
38,Boston,D1,LC,30,CON,CON,16,2,0,0,1,0,0,11,0,,E07000136,2016,2023,http://moderngov.boston.gov.uk/mgMemberIndex.aspx?FN=PARTY&VW=LIST&PIC=0,2019-05-04
39,Braintree,D1,LC,49,CON,CON,34,2,0,6,0,0,0,3,0,,E07000067,2016,2023,http://braintree.cmis.uk.com/braintree/Councillors.aspx,2019-05-04
40,Breckland,D1,LC,49,CON,CON,38,3,0,0,3,0,0,4,1,,E07000143,2016,2023,http://democracy.breckland.gov.uk/mgMemberIndex.aspx?FN=PARTY&VW=LIST&PIC=0,2019-04-26
41,Broadland,D1,LC,47,CON,CON,33,2,12,0,0,0,0,0,0,,E07000144,2016,2023,https://www.broadland.gov.uk/councillors/name,2019-05-04
42,Bromsgrove,D1,LC,31,CON,CON,17,5,3,0,0,0,0,5,0,,E07000234,2016,2023,http://moderngovwebpublic.bromsgrove.gov.uk/mgMemberIndex.aspx?FN=PARTY&VW=LIST&PIC=0,2019-05-04
43,Broxtowe,D1,LC,44,NOC,TBC,20,15,6,0,0,0,0,3,0,,E07000172,2016,2023,https://www.broxtowe.gov.uk/about-the-council/councillors-committees/your-councillor/councillors-a-z/,2019-05-04
44,Canterbury,D1,CO,39,CON,CON,23,10,6,0,0,0,0,0,0,,E07000106,2016,2023,http://democracy.canterbury.gov.uk/mgMemberIndex.aspx?bcr=1,2019-05-04
45,Charnwood,D1,LC,52,CON,CON,36,14,0,1,0,0,0,1,0,,E07000130,2016,2023,https://charnwood.moderngov.co.uk/mgMemberIndex.aspx?bcr=1,2019-05-04
46,Chelmsford,D1,LC,57,LD,LD,21,0,31,0,0,0,0,3,0,,E07000070,2016,2023,https://www.chelmsford.gov.uk/your-council/councillors-and-decision-making/councillors/find-a-councillor/view-chelmsford-city-councillors/?cord=DESC&cid=50eeb79d-c47e-472c-a05d-49a3d5c8792b&p=1,2019-05-04
47,Chesterfield,D1,LC,48,LAB,LAB,0,28,17,0,0,0,0,3,0,,E07000034,2016,2023,http://chesterfield.moderngov.co.uk/mgMemberIndex.aspx?FN=PARTY&VW=LIST&PIC=0,2019-05-04
48,Chichester,D1,LC,48,NOC,TBC,18,2,11,2,0,0,0,1,0,"36 wards from 2019",E07000225,2016,2023,http://chichester.moderngov.co.uk/mgMemberIndex.aspx?FN=PARTY&VW=LIST&PIC=0,2019-05-04
49,Chiltern,D1,LC,40,CON,CON,38,0,2,0,0,0,0,0,0,,E07000005,2016,2023,https://isa.chiltern.gov.uk/democracy/mgMemberIndex.aspx?FN=PARTY&VW=LIST&PIC=0,2019-04-26
50,Christchurch,D1,AA,24,CON,CON,21,0,0,0,0,0,0,3,0,"Merged with Bournemouth and Poole to form Bournemouth, Christchurch and Poole from 2019",E07000048,2016,2018,http://moderngovcbc.christchurchandeastdorset.gov.uk/mgMemberIndex.aspx?bcr=1,2019-04-26
51,Copeland,D1,MC,51,LAB,"IND Mayor",10,19,0,0,0,0,0,4,0,,E07000029,2016,2023,http://copeland.moderngov.co.uk/mgMemberIndex.aspx?VW=TABLE&PIC=1&FN=PARTY,2019-05-04
52,Corby,D1,AA,29,LAB,LAB,4,24,0,0,0,0,0,1,0,,E07000150,2016,2023,http://www.corby.gov.uk/home/council/council-democracy/councillors-information-advice/councillors,2019-04-26
53,Cotswold,D1,LC,34,LD,LD,14,0,18,1,0,0,0,1,0,,E07000079,2016,2023,http://www.cmis.cotswold.gov.uk/cmis5/People/tabid/62/ScreenMode/Alphabetical/Default.aspx,2019-05-04
54,Dacorum,D1,LC,51,CON,CON,31,0,19,0,0,0,0,1,0,,E07000096,2016,2023,https://democracy.dacorum.gov.uk/mgMemberIndex.aspx?FN=PARTY&VW=LIST&PIC=0,2019-05-04
55,Dartford,D1,LC,44,CON,CON,29,10,0,0,0,0,0,0,0,,E07000107,2016,2023,http://committeedmz.dartford.gov.uk/mgMemberIndex.aspx?FN=PARTY&VW=LIST&PIC=0&J=1,2019-05-05
56,"Derbyshire Dales",D1,AA,39,CON,CON,20,6,8,2,0,0,0,3,0,,E07000035,2016,2023,http://www.derbyshiredales.gov.uk/your-council/councillors/by-ward,2019-05-05
57,Dover,D1,LC,45,CON,CON,19,11,0,0,0,0,0,1,0,,E07000108,2016,2023,http://moderngov.dover.gov.uk/mgMemberIndex.aspx?FN=PARTY&VW=LIST&PIC=0,2019-05-05
58,"East Cambridgeshire",D1,AA,39,CON,CON,15,0,13,0,0,0,0,0,0,"28 wards from 2019",E07000009,2016,2023,http://www.eastcambs.gov.uk/council-and-democracy/search-for-councillors,2019-05-07
59,"East Devon",D1,LC,59,NOC,TBC,19,0,8,2,0,0,0,20,0,"60 wards from 2019",E07000040,2016,2023,http://eastdevon.gov.uk/council-and-democracy/councillors/,2019-05-07
60,"East Dorset",D1,AA,29,CON,CON,26,0,3,0,0,0,0,0,0,"Merged with rural dorset councils to form Dorset from 2019",E07000049,2016,2018,http://moderngoveddc.christchurchandeastdorset.gov.uk/mgMemberIndex.aspx?bcr=1,2019-04-26
61,"East Hampshire",D1,LC,44,CON,CON,32,2,7,0,0,0,0,2,0,,E07000085,2016,2023,http://easthants.moderngov.co.uk/mgMemberIndex.aspx?FN=PARTY&VW=LIST&PIC=0,2019-05-07
62,"East Hertfordshire",D1,LC,50,CON,CON,40,2,6,2,0,0,0,0,0,,E07000242,2016,2023,http://democracy.eastherts.gov.uk/mgMemberIndex.aspx?FN=PARTY&VW=LIST&PIC=0,2019-05-07
63,"East Lindsey",D1,LC,55,CON,CON,28,7,1,0,0,0,0,12,0,,E07000137,2016,2023,https://democracy.e-lindsey.gov.uk/mgMemberIndex.aspx?FN=PARTY&VW=LIST&PIC=0,2019-05-07
64,"East Northamptonshire",D1,AA,40,CON,CON,36,2,0,0,0,0,0,2,0,,E07000152,2016,2023,http://www.east-northamptonshire.gov.uk/councillors/name,2019-04-26
65,"East Staffordshire",D1,LC,39,CON,CON,25,10,1,0,0,0,0,3,0,,E07000193,2016,2023,http://www.eaststaffsbc.gov.uk/council-democracy/councillors,2019-05-07
412,"East Suffolk",D1,,55,CON,CON,39,7,3,4,0,0,0,2,0,,,2019,2023,,2019-05-07
66,Eastbourne,D1,LC,27,LD,LD,9,0,18,0,0,0,0,0,0,"27 wards from 2019",E07000061,2016,2023,http://democracy.eastbourne.gov.uk/mgMemberIndex.aspx?bcr=1,2019-05-07
67,Eastleigh,D1,LC,39,LD,LD,2,0,34,0,0,0,0,3,0,,E07000086,2016,2023,https://meetings.eastleigh.gov.uk/mgMemberIndex.aspx?bcr=1,2019-05-07
68,Eden,D1,LC,38,NOC,TBC,14,2,10,2,0,0,0,10,0,,E07000030,2016,2023,https://democracy.eden.gov.uk/mgMemberIndex.aspx?bcr=1,2019-05-07
69,"Epsom and Ewell",D1,AA,38,IND,IND,1,3,2,0,1,0,0,0,0,,E07000208,2016,2023,https://democracy.epsom-ewell.gov.uk/mgMemberIndex.aspx?bcr=1,2019-05-07
70,Erewash,D1,LC,47,CON,CON,27,19,1,0,0,0,0,0,0,,E07000036,2016,2023,http://moderngov.erewash.gov.uk/mgMemberIndex.aspx?bcr=1,2019-05-07
71,Fenland,D1,LC,39,CON,CON,26,0,2,1,0,0,0,10,0,,E07000010,2016,2023,https://www.fenland.gov.uk/localgov/mgMemberIndex.aspx?bcr=1,2019-05-07
123,"Folkestone and Hythe",D1,LC,30,CON,CON,13,6,2,6,2,0,0,1,0,,E07000112,2016,2023,http://www.folkestone-hythe.gov.uk/moderngov/mgMemberIndex.aspx?bcr=1,2019-05-07
72,"Forest Heath",D1,AA,27,CON,CON,20,0,0,0,0,0,0,7,0,"Merged with St Edmundsbury to form West Suffolk from 2019",E07000201,2016,2018,https://democracy.westsuffolk.gov.uk/mgMemberIndexGroup.aspx?bcr=1&G=FHDC&M=DHDC,2019-04-26
73,"Forest of Dean",D1,LC,48,NOC,TBC,10,5,0,6,0,0,0,14,3,"38 wards from 2019",E07000080,2016,2023,http://meetings.fdean.gov.uk/mgMemberIndex.aspx?bcr=1,2019-05-07
74,Fylde,D1,LC,51,CON,CON,31,0,1,0,0,0,0,17,0,,E07000119,2016,2023,https://fylde.cmis.uk.com/fylde/CouncillorsandMP.aspx,2019-05-07
75,Gedling,D1,LC,41,LAB,LAB,8,29,2,0,0,0,0,2,0,,E07000173,2016,2023,https://democracy.gedling.gov.uk/mgMemberIndex.aspx?FN=PARTY&VW=LIST&PIC=0,2019-05-07
76,Gloucester,D1,LC,39,CON,CON,22,10,7,0,0,0,0,0,0,,E07000081,2016,2023,http://democracy.gloucester.gov.uk/mgFindMember.aspx?XXR=0&AC=USERSEARCH,2019-04-26
77,Gravesham,D1,LC,44,LAB,LAB,18,24,0,0,0,0,0,2,0,,E07000109,2016,2023,https://democracy.gravesham.gov.uk/mgMemberIndex.aspx?VW=TABLE&PIC=1&FN=PARTY,2019-05-07
190,"Great Yarmouth",D1,LC,39,CON,CON,20,15,0,0,1,0,0,3,0,,E07000145,2016,2023,https://great-yarmouth.cmis.uk.com/great-yarmouth/Councillors/tabid/63/ScreenMode/Alphabetical/Default.aspx,2019-05-07
78,Guildford,D1,LC,48,NOC,TBC,9,2,17,1,0,0,0,0,0,,E07000209,2016,2023,http://www2.guildford.gov.uk/councilmeetings/mgMemberIndex.aspx?bcr=1,2019-05-07
79,Hambleton,D1,LC,28,CON,CON,24,1,1,0,0,0,0,2,0,,E07000164,2016,2023,http://democracy.hambleton.gov.uk/mgMemberIndex.aspx?FN=PARTY&VW=LIST&PIC=0,2019-05-07
80,Harborough,D1,LC,37,CON,CON,22,1,11,0,0,0,0,0,0,"34 wards from 2019",E07000131,2016,2023,https://cmis.harborough.gov.uk/cmis5/Councillors.aspx,2019-05-07
81,Harrogate,D1,LC,40,CON,CON,31,0,7,0,0,0,0,2,0,,E07000165,2016,2023,https://localdemocracy.harrogate.gov.uk/political.asp,2018-05-14
82,Hastings,D1,LC,32,LAB,LAB,8,23,0,0,0,0,0,1,0,,E07000062,2016,2023,http://hastings.moderngov.co.uk/mgMemberIndex.aspx?FN=PARTY&VW=LIST&PIC=0,2019-04-26
83,Hertsmere,D1,LC,39,CON,CON,29,7,3,0,0,0,0,0,0,"39 wards from 2019",E07000098,2016,2023,http://www5.hertsmere.gov.uk/democracy/mgMemberIndex.aspx?FN=PARTY&VW=LIST&PIC=0,2019-05-07
84,"High Peak",D1,LC,43,LAB,LAB,16,22,3,2,0,0,0,0,0,,E07000037,2016,2023,https://democracy.highpeak.gov.uk/mgMemberIndexGroup.aspx?g=HPCLLRS&m=hpcllrs,2019-05-07
85,"Hinckley and Bosworth",D1,LC,34,LD,LD,11,2,21,0,0,0,0,0,0,,E07000132,2016,2023,http://moderngov.hinckley-bosworth.gov.uk/mgMemberIndex.aspx?FN=PARTY&VW=LIST&PIC=0,2019-05-07
86,Horsham,D1,LC,44,CON,CON,32,0,13,2,0,0,0,1,0,"48 wards from 2019",E07000227,2016,2023,http://horsham.moderngov.co.uk/mgMemberIndex.aspx?FN=PARTY&VW=LIST&PIC=0,2019-05-07
87,Huntingdonshire,D1,LC,52,CON,CON,30,4,7,0,0,0,0,11,0,,E07000011,2016,2023,http://applications.huntingdonshire.gov.uk/moderngov/mgMemberIndex.aspx?FN=PARTY&VW=LIST&PIC=0,2019-04-26
88,Kettering,D1,LC,36,CON,CON,25,7,1,0,0,0,0,3,0,,E07000153,2016,2023,http://www.kettering.gov.uk/councillors/name,2019-04-26
89,"King's Lynn and West Norfolk",D1,LC,62,CON,CON,28,10,1,1,0,0,0,15,0,,E07000146,2016,2023,http://democracy.west-norfolk.gov.uk/mgMemberIndex.aspx?FN=PARTY&VW=LIST&PIC=0,2019-05-07
90,Lancaster,D1,LC,60,NOC,TBC,12,21,3,10,0,0,0,0,0,,E07000121,2016,2023,http://committeeadmin.lancaster.gov.uk/mgMemberIndex.aspx?FN=PARTY&VW=LIST&PIC=0,2019-05-07
91,Lewes,D1,LC,41,NOC,TBC,19,3,8,9,0,0,0,2,0,,E07000063,2016,2023,https://lewes.cmis.uk.com/CMIS5/,2019-05-08
92,Lichfield,D1,LC,47,CON,CON,34,10,1,0,0,0,0,2,0,,E07000194,2016,2023,https://democracy.lichfielddc.gov.uk/mgMemberIndex.aspx?bcr=1,2019-05-08
93,Maldon,D1,LC,31,CON,CON,17,0,0,0,0,0,0,14,0,,E07000074,2016,2023,https://democracy.maldon.gov.uk/mgFindMember.aspx?XXR=0&AC=USERSEARCH&sPC=Enter%20postcode,2019-05-08
94,"Malvern Hills",D1,LC,38,NOC,TBC,13,1,9,5,0,0,0,10,0,,E07000235,2016,2023,http://moderngov.malvernhills.gov.uk/mgMemberIndex.aspx?FN=PARTY&VW=LIST&PIC=0&J=3,2019-05-08
95,Mansfield,D1,MC,36,NOC,"IND Mayor",2,15,0,0,2,0,0,6,0,,E07000174,2016,2023,https://portal.mansfield.gov.uk/cmadexternal/councillorslist.aspx,2019-05-08
96,Melton,D1,AA,28,CON,CON,22,0,0,1,0,0,0,5,0,,E07000133,2016,2023,http://www.melton.gov.uk/councillors/name,2019-05-08
97,Mendip,D1,LC,47,NOC,TBC,10,0,22,10,0,0,0,5,0,,E07000187,2016,2023,http://www.mendip.gov.uk/contactacouncillor,2019-05-08
98,"Mid Devon",D1,LC,42,NOC,TBC,18,0,12,2,0,0,0,10,0,,E07000042,2016,2023,https://democracy.middevon.gov.uk/mgMemberIndex.aspx?FN=PARTY&VW=LIST&PIC=0,2019-05-08
99,"Mid Suffolk",D1,LC,40,NOC,TBC,16,0,5,12,0,0,0,1,0,,E07000203,2016,2023,http://baberghmidsuffolk.moderngov.co.uk/mgMemberIndexGroup.aspx?bcr=1&g=MSDCC&m=MSDCCW,2019-05-08
100,"Mid Sussex",D1,LC,54,CON,CON,34,0,13,3,0,0,0,4,0,,E07000228,2016,2023,http://midsussex.moderngov.co.uk/mgMemberIndex.aspx?bcr=1,2019-05-08
101,"New Forest",D1,LC,60,CON,CON,46,0,13,0,0,0,0,1,0,,E07000091,2016,2023,https://democracy.newforest.gov.uk/mgMemberIndex.aspx?FN=PARTY&VW=LIST&PIC=0,2019-05-08
102,"Newark and Sherwood",D1,LC,39,CON,CON,27,7,2,0,0,0,0,3,0,,E07000175,2016,2023,http://www.newark-sherwooddc.gov.uk/councillors/,2019-05-08
103,Newcastle-under-Lyme,D1,LC,44,NOC,"CON min",17,19,3,0,0,0,0,4,1,,E07000195,2016,2023,http://moderngov.newcastle-staffs.gov.uk/mgMemberIndex.aspx?FN=PARTY&VW=LIST&PIC=0,2019-04-26
104,"North Devon",D1,LC,43,LD,LD,11,0,21,2,0,0,0,7,1,,E07000043,2016,2023,https://democracy.northdevon.gov.uk/mgMemberIndex.aspx?bcr=1,2019-05-08
105,"North Dorset",D1,LC,33,CON,CON,26,0,4,0,0,0,0,3,0,"Merged with rural dorset councils to form Dorset from 2019",E07000050,2016,2018,http://moderngovdcp.dorsetforyou.gov.uk/mgMemberIndexGroup.aspx?g=NDDC&m=NDDC,2019-04-26
106,"North East Derbyshire",D1,LC,53,CON,CON,30,18,3,0,0,0,0,2,0,"53 wards from 2019",E07000038,2016,2023,http://www.ne-derbyshire.gov.uk/,2019-05-08
107,"North Kesteven",D1,LC,43,NOC,TBC,20,0,0,0,0,0,0,6,1,,E07000139,2016,2023,https://nkdc.moderngov.co.uk/mgMemberIndex.aspx?FN=PARTY&VW=LIST&PIC=0,2019-05-08
108,"North Norfolk",D1,LC,48,LD,LD,6,0,30,0,0,0,0,4,0,"40 wards from 2019",E07000147,2016,2023,https://www.north-norfolk.gov.uk/members/,2019-05-08
109,"North Warwickshire",D1,AA,35,CON,CON,21,14,0,0,0,0,0,0,0,,E07000218,2016,2023,https://www.northwarks.gov.uk/councillors/name,2019-05-08
110,"North West Leicestershire",D1,LC,38,CON,CON,20,10,4,1,0,0,0,3,0,,E07000134,2016,2023,http://minutes-1.nwleics.gov.uk/mgMemberIndex.aspx?FN=PARTY&VW=LIST&PIC=0,2019-05-08
111,Northampton,D1,LC,45,CON,CON,25,16,3,0,0,0,0,1,0,,E07000154,2016,2023,http://www.northamptonboroughcouncil.com/councillors/mgMemberIndex.asp?FN=PARTY&VW=LIST&PIC=0,2019-04-26
112,"Oadby and Wigston",D1,AA,26,LD,LD,2,0,24,0,0,0,0,0,0,,E07000135,2016,2023,http://moderngov.oadby-wigston.gov.uk/mgMemberIndex.aspx?FN=PARTY&VW=LIST&PIC=0,2019-05-08
113,Purbeck,D1,AA,25,CON,CON,20,0,4,0,0,0,0,1,0,"Merged with rural dorset councils to form Dorset from 2019",E07000051,2016,2018,https://www.dorsetforyou.gov.uk/councillors-committees-elections/councillors/purbeck-district-council-councillors/find-your-local-purbeck-district-councillor.aspx,2018-09-25
114,"Ribble Valley",D1,AA,40,CON,CON,28,0,10,0,0,0,0,2,0,"40 wards from 2019",E07000124,2016,2023,https://www.ribblevalley.gov.uk/councillors/name,2019-05-09
115,Richmondshire,D1,LC,34,NOC,TBC,10,0,3,1,0,0,0,10,0,,E07000166,2016,2023,https://www.richmondshire.gov.uk/council-and-democracy/councillors/councillors-information/,2019-05-09
116,Rother,D1,LC,38,NOC,TBC,14,3,7,1,0,0,0,13,0,"38 wards from 2019",E07000064,2016,2023,http://www.rother.gov.uk/index.cfm?articleid=179,2019-05-09
117,Rushcliffe,D1,LC,44,CON,CON,29,7,3,2,0,0,0,3,0,,E07000176,2016,2023,https://democracy.rushcliffe.gov.uk/mgMemberIndex.aspx?bcr=1,2019-05-09
118,Ryedale,D1,AA,30,NOC,TBC,12,0,2,0,0,0,0,11,0,,E07000167,2016,2023,http://democracy.ryedale.gov.uk/mgMemberIndex.aspx?FN=PARTY&VW=LIST&PIC=0,2019-05-09
119,Scarborough,D1,LC,50,NOC,"CON min",25,13,0,2,0,0,0,10,0,,E07000168,2016,2023,http://democracy.scarborough.gov.uk/mgMemberIndex.aspx?FN=PARTY&VW=LIST&PIC=0,2019-04-26
120,Sedgemoor,D1,LC,48,CON,CON,35,10,1,0,2,0,0,0,0,,E07000188,2016,2023,http://www.sedgemoor.gov.uk/councillors,2019-04-26
121,Selby,D1,LC,31,CON,CON,21,7,0,0,0,0,0,3,0,,E07000169,2016,2023,http://www.selby.gov.uk/councillors,2019-04-26
122,Sevenoaks,D1,LC,54,CON,CON,48,1,2,0,1,0,0,2,0,,E07000111,2016,2023,http://cds.sevenoaks.gov.uk/mgMemberIndex.aspx?bcr=1,2019-04-26
411,"Somerset West and Taunton",D1,,58,,,0,0,0,0,0,0,0,0,0,"This council is new for 2019. No data as yet.",,2019,2023,,2018-07-11
124,"South Bucks",D1,LC,28,CON,CON,24,0,0,0,0,0,0,4,0,,E07000006,2016,2023,http://sbdc-spider2.southbucks.gov.uk/democracy/mgMemberIndex.aspx?bcr=1,2019-04-26
125,"South Cambridgeshire",D1,LC,45,LD,LD,11,2,30,0,0,0,0,2,0,,E07000012,2016,2023,http://scambs.moderngov.co.uk/mgMemberIndex.aspx?FN=PARTY&VW=LIST&PIC=0,2019-04-26
126,"South Derbyshire",D1,AA,36,CON,CON,21,12,0,0,1,0,0,1,1,,E07000039,2016,2023,http://south-derbys.cmis.uk.com/south-derbys/Councillors.aspx,2019-04-26
127,"South Hams",D1,LC,31,CON,CON,24,0,4,2,0,0,0,0,1,,E07000044,2016,2023,https://www.southhams.gov.uk/councillorsSH,2019-04-26
128,"South Holland",D1,LC,37,CON,CON,28,0,0,0,0,0,0,9,0,,E07000140,2016,2023,https://democracy.sholland.gov.uk/mgMemberIndex.aspx?bcr=1,2019-04-26
129,"South Kesteven",D1,LC,56,CON,CON,44,3,0,0,0,0,0,9,0,,E07000141,2016,2023,http://moderngov.southkesteven.gov.uk/mgMemberIndex.aspx?FN=PARTY&VW=LIST&PIC=0&J=1,2019-04-26
131,"South Norfolk",D1,LC,46,CON,CON,40,0,6,0,0,0,0,0,0,"46 wards from 2019",E07000149,2016,2023,http://www.south-norfolk.gov.uk/your-councillors,2018-08-18
132,"South Northamptonshire",D1,LC,42,CON,CON,34,0,5,0,0,0,0,3,0,,E07000155,2016,2023,http://modgov.southnorthants.gov.uk/mgFindMember.aspx?XXR=0&AC=USERSEARCH,2019-04-26
133,"South Oxfordshire",D1,LC,36,CON,CON,25,1,2,0,0,0,0,6,2,,E07000179,2016,2023,http://democratic.southoxon.gov.uk/mgMemberIndex.aspx?FN=PARTY&VW=LIST&PIC=0,2019-04-26
134,"South Ribble",D1,LC,50,CON,CON,27,16,3,0,0,0,0,2,2,,E07000126,2016,2023,http://southribble.moderngov.co.uk/mgMemberIndex.aspx?bcr=1,2019-04-26
135,"South Somerset",D1,LC,60,LD,LD,25,0,31,0,0,0,0,4,0,,E07000189,2016,2023,http://www.southsomerset.gov.uk/councillors-and-democracy/councillors/,2019-02-28
136,"South Staffordshire",D1,LC,49,CON,CON,41,1,0,0,1,0,0,4,2,,E07000196,2016,2023,https://services.sstaffs.gov.uk/cmis/Councillors.aspx,2019-04-26
137,Spelthorne,D1,LC,39,CON,CON,30,1,2,0,0,0,0,5,1,,E07000213,2016,2023,http://democracy.spelthorne.gov.uk/mgMemberIndex.aspx?bcr=1,2019-04-26
138,"St Edmundsbury",D1,LC,45,CON,CON,33,2,0,1,1,0,0,7,1,"Merged with Forest Heath to form West Suffolk from 2019",E07000204,2016,2018,https://democracy.westsuffolk.gov.uk/mgMemberIndexGroup.aspx?bcr=1&G=SEBC&M=DHDC,2019-04-26
407,Stafford,D1,LC,40,CON,CON,30,6,0,0,0,0,0,4,0,,E07000197,2016,2023,http://www.staffordbc.gov.uk/DemServCouncillors,2019-04-26
139,"Staffordshire Moorlands",D1,LC,56,CON,CON,31,9,2,0,2,0,0,11,1,,E07000198,2016,2023,https://democracy.staffsmoorlands.gov.uk/mgMemberIndexGroup.aspx?g=smcllrs&m=smcllrs,2019-04-26
140,Stratford-on-Avon,D1,LC,36,CON,CON,26,0,4,0,0,0,0,5,1,,E07000221,2016,2023,https://democracy.stratford.gov.uk/mgMemberIndex.aspx?bcr=1,2019-04-26
212,Stroud,D1,LC,51,NOC,LAB/GRN/LD,22,16,2,9,0,0,0,2,0,,E07000082,2016,2023,https://www.stroud.gov.uk/council-and-democracy/your-councillors/your-councillors-by-name,2019-04-26
141,"Suffolk Coastal",D1,LC,42,CON,CON,37,1,2,0,0,0,0,2,0,"Merged with Waveney to form East Suffolk from 2019",E07000205,2016,2018,http://www.eastsuffolk.gov.uk/yourcouncil/councillors/suffolk-coastal-district-councillors/,2019-03-31
142,"Surrey Heath",D1,LC,40,CON,CON,35,1,1,0,0,0,0,3,0,"35 wards from 2019",E07000214,2016,2023,http://surreyheath.moderngov.co.uk/mgMemberIndex.aspx?bcr=1,2019-04-26
143,Swale,D1,LC,47,CON,CON,32,5,0,0,0,0,0,10,0,,E07000113,2016,2023,http://services.swale.gov.uk/meetings/mgMemberIndex.aspx?bcr=1,2019-04-26
144,"Taunton Deane",D1,LC,56,CON,CON,31,2,15,1,1,0,0,4,2,"Merged with West Somerset to form Somerset West and Taunton from 2019",E07000190,2016,2018,https://democracy.tauntondeane.gov.uk/mgMemberIndex.aspx?bcr=1,2019-04-08
145,Teignbridge,D1,LC,46,CON,CON,23,0,16,0,0,0,0,6,1,"47 wards from 2019",E07000045,2016,2023,https://www.teignbridge.gov.uk/council-and-democracy/district-councillors/teignbridge-councillors/,2019-04-26
146,Tendring,D1,LC,60,CON,CON/IND,33,4,1,0,5,0,0,17,0,"48 wards from 2019",E07000076,2016,2023,http://tdcdemocracy.tendringdc.gov.uk/mgMemberIndex.aspx?bcr=1,2019-04-26
147,"Test Valley",D1,LC,48,CON,CON,37,0,9,0,0,0,0,2,0,"43 wards from 2019",E07000093,2016,2023,http://testvalley.cmis.uk.com/testvalleypublic/ElectedRepresentatives/tabid/63/ScreenMode/Alphabetical/Default.aspx#MemberSectionA,2019-03-31
148,Tewkesbury,D1,LC,38,CON,CON,33,0,2,0,0,0,0,3,0,"38 wards from 2019",E07000083,2016,2023,http://minutes.tewkesbury.gov.uk/mgMemberIndex.aspx?FN=PARTY&VW=LIST&PIC=0&J=1,2019-04-26
149,Thanet,D1,LC,56,NOC,"CON min",22,5,0,0,14,0,0,14,1,,E07000114,2016,2023,http://democracy.thanet.gov.uk/mgMemberIndex.aspx?bcr=1,2019-04-26
150,"Tonbridge and Malling",D1,LC,54,CON,CON,48,0,4,0,0,0,0,2,0,,E07000115,2016,2023,https://democracy.tmbc.gov.uk/mgMemberIndex.aspx?bcr=1,2019-03-31
151,Torridge,D1,AA,36,CON,CON,18,1,2,2,3,0,0,8,2,"36 wards from 2019",E07000046,2016,2023,https://democracy.torridge.gov.uk/mgMemberIndex.aspx?FN=PARTY&VW=LIST&PIC=0,2019-04-26
152,Uttlesford,D1,LC,39,CON,CON,24,0,4,0,0,0,0,10,1,,E07000077,2016,2023,https://uttlesford.moderngov.co.uk/mgMemberIndex.aspx?FN=PARTY&VW=LIST&PIC=0,2019-04-26
153,"Vale of White Horse",D1,LC,38,CON,CON,29,0,9,0,0,0,0,0,0,,E07000180,2016,2023,http://democratic.whitehorsedc.gov.uk/mgMemberIndex.aspx?FN=PARTY&VW=LIST&PIC=0,2019-04-26
154,Warwick,D1,LC,46,CON,CON,30,9,2,1,0,0,0,4,0,,E07000222,2016,2023,https://estates4.warwickdc.gov.uk/cmis/CouncillorsAtoZ/tabid/39/ScreenMode/Ward/Default.aspx,2019-04-26
155,Waveney,D1,LC,48,CON,CON,27,15,1,2,0,0,0,3,0,"Merged with Suffolk Coastal to form East Suffolk from 2019",E07000206,2016,2018,http://www.eastsuffolk.gov.uk/yourcouncil/councillors/waveney-district-councillors/,2018-11-30
156,Waverley,D1,LC,57,CON,CON,49,0,1,0,0,0,0,6,1,,E07000216,2016,2023,https://modgov.waverley.gov.uk/mgMemberIndex.aspx?FN=PARTY&VW=LIST&PIC=0,2019-04-26
157,Wealden,D1,LC,55,CON,CON,48,0,0,0,0,0,0,7,0,"45 wards from 2019",E07000065,2016,2023,http://council.wealden.gov.uk/mgFindMember.aspx?XXR=0&AC=USERSEARCH,2019-04-26
158,Wellingborough,D1,AA,36,CON,CON,26,9,0,0,0,0,0,1,0,,E07000156,2016,2023,http://www.wellingborough.gov.uk/councillors/name,2019-04-27
159,"West Devon",D1,AA,31,CON,CON,20,0,0,0,0,0,0,11,0,,E07000047,2016,2023,https://www.westdevon.gov.uk/councillorsWD,2019-04-26
404,"West Dorset",D1,LC,42,CON,CON,30,0,11,0,0,0,0,1,0,"Merged with rural dorset councils to form Dorset from 2019",E07000052,2016,2018,https://moderngovdcp.dorsetforyou.gov.uk/mgMemberIndexGroup.aspx?g=WDDC&m=WDDC,2018-12-20
160,"West Lindsey",D1,AA,36,CON,CON,24,3,7,0,0,0,0,2,0,,E07000142,2016,2023,https://www.west-lindsey.gov.uk/my-council/my-councillors/councillor-pages-and-declaration-of-interests/,2019-04-26
161,"West Somerset",D1,LC,28,CON,CON,19,1,4,0,2,0,0,2,0,"Merged with Taunton Deane to form Somerset West and Taunton from 2019",E07000191,2016,2018,http://www.westsomersetonline.gov.uk/Council---Democracy/Councillors/Find-a-Councillor,2019-02-28
410,"West Suffolk",D1,,64,,,0,0,0,0,0,0,0,0,0,"This council is new for 2019. No data as yet.",,2019,2023,,2018-07-11
162,Wychavon,D1,LC,45,CON,CON,37,0,5,0,0,0,0,1,2,,E07000238,2016,2023,http://mgov.wychavon.gov.uk/modern.gov/mgFindMember.aspx?XXR=0&AC=USERSEARCH,2019-04-26
163,Wycombe,D1,LC,60,CON,CON,49,6,1,0,0,0,0,4,0,,E07000007,2016,2023,https://councillors.wycombe.gov.uk/mgMemberIndex.aspx?bcr=1,2019-04-26
164,Wyre,D1,LC,50,CON,CON,36,11,0,0,0,0,0,3,0,,E07000128,2016,2023,https://wyre.moderngov.co.uk/mgMemberIndex.aspx?bcr=1,2019-04-26
226,"Wyre Forest",D1,LC,33,CON,CON,21,3,3,0,0,0,0,5,1,,E07000239,2016,2023,http://www.wyreforestdc.gov.uk/the-council/councillors-committees-and-meetings/your-district-councillor.aspx,2019-04-26
165,Adur,D2,LC,29,CON,CON,16,8,0,0,3,0,0,2,0,,E07000223,2016,2023,https://www.adur-worthing.gov.uk/councillors-and-mps/councillors-adur/,2019-04-26
166,Cheltenham,D2,LC,40,LD,LD,6,0,32,0,0,0,0,2,0,,E07000078,2016,2023,https://democracy.cheltenham.gov.uk/mgMemberIndex.aspx?FN=PARTY&VW=LIST&PIC=0,2019-04-26
189,Fareham,D2,LC,31,CON,CON,24,0,5,0,1,0,0,1,0,,E07000087,2016,2023,http://moderngov.fareham.gov.uk/mgMemberIndex.aspx?FN=PARTY&VW=TABLE&PIC=1,2019-04-26
167,Gosport,D2,AA,34,CON,CON,18,2,13,0,0,0,0,0,1,,E07000088,2016,2023,https://democracy.gosport.gov.uk/mgMemberIndex.aspx?bcr=1,2019-04-26
168,"Nuneaton and Bedworth",D2,LC,34,NOC,"LAB min",16,17,0,1,0,0,0,0,0,,E07000219,2016,2023,https://www.nuneatonandbedworth.gov.uk/councillors/name,2019-04-26
169,Oxford,D2,LC,48,LAB,LAB,0,34,9,2,0,0,0,3,0,,E07000178,2016,2023,http://mycouncil.oxford.gov.uk/mgMemberIndex.aspx?bcr=1,2019-04-26
170,"Amber Valley",D3,LC,45,LAB,LAB,19,24,0,1,0,0,0,1,0,,E07000032,2016,2023,https://www.ambervalley.gov.uk/councillors-and-elections/borough-councillors/,2019-05-08
171,Basildon,D3,LC,42,NOC,TBC,20,15,0,0,1,0,0,6,0,,E07000066,2016,2023,http://www.basildonmeetings.info/mgMemberIndex.aspx?FN=PARTY&VW=LIST&PIC=0,2019-05-08
172,"Basingstoke and Deane",D3,LC,60,CON,CON,30,21,7,0,0,0,0,1,0,,E07000084,2016,2019,https://democracy.basingstoke.gov.uk/mgMemberIndex.aspx?bcr=1,2019-05-08
173,Brentwood,D3,AA,37,CON,CON,20,3,13,0,0,0,0,1,0,,E07000068,2016,2023,http://brentwood.moderngov.co.uk/mgMemberIndex.aspx?VW=TABLE&PIC=1&FN=ALPHA,2019-05-08
174,Broxbourne,D3,LC,30,CON,CON,27,2,0,0,0,0,0,1,0,,E07000095,2016,2023,http://www.broxbourne.gov.uk/council-councillors/councillors,2019-05-08
175,Burnley,D3,LC,45,NOC,TBC,4,22,8,2,3,0,0,1,0,,E07000117,2016,2023,https://burnley.moderngov.co.uk/mgMemberIndex.aspx?FN=PARTY&VW=TABLE&PIC=1,2019-05-08
176,Cambridge,D3,LC,42,LAB,LAB,0,25,15,0,0,0,0,1,1,,E07000008,2016,2023,http://democracy.cambridge.gov.uk/mgMemberIndex.aspx?bcr=1,2019-05-08
177,"Cannock Chase",D3,LC,41,NOC,TBC,15,18,2,5,0,0,0,1,0,,E07000192,2016,2023,http://www.cannockchasedc.gov.uk/council/about-council/your-councillors,2019-05-08
178,Carlisle,D3,LC,52,NOC,"LAB min",17,15,1,1,1,0,0,4,0,,E07000028,2016,2023,http://cmis.carlisle.gov.uk/cmis/CarlisleCityCouncillors/tabid/62/ScreenMode/Alphabetical/Default.aspx,2019-05-08
179,"Castle Point",D3,LC,41,CON,CON,25,0,0,0,0,0,0,0,0,,E07000069,2016,2023,https://www.castlepoint.gov.uk/councillors,2019-05-08
180,Cherwell,D3,LC,48,CON,CON,32,9,2,1,0,0,0,4,0,,E07000177,2016,2023,http://modgov.cherwell.gov.uk/mgMemberIndex.aspx?FN=PARTY&VW=LIST&PIC=0,2019-05-08
181,Chorley,D3,LC,47,LAB,LAB,8,37,0,0,0,0,0,2,0,,E07000118,2016,2023,https://democracy.chorley.gov.uk/mgMemberIndex.aspx?FN=PARTY&VW=LIST&PIC=0,2019-05-08
182,Colchester,D3,LC,51,NOC,LD/LAB/IND,23,11,13,1,0,0,0,3,0,,E07000071,2016,2023,http://colchester.cmis.uk.com/colchester/Councillors.aspx,2019-05-09
183,Craven,D3,AA,30,NOC,TBC,15,3,1,2,0,0,0,9,0,,E07000163,2016,2023,https://www.cravendc.gov.uk/the-council/councillors/list-of-councillors/,2019-05-09
184,Crawley,D3,LC,37,LAB,LAB,17,19,0,0,0,0,0,0,0,,E07000226,2016,2023,http://democracy.crawley.gov.uk/mgMemberIndex.aspx?bcr=1,2019-05-09
185,Daventry,D3,AA,36,CON,CON,30,5,1,0,0,0,0,0,0,,E07000151,2016,2023,http://cmis.daventrydc.gov.uk/daventry/Councillors/tabid/63/ScreenMode/Alphabetical/Default.aspx,2019-04-26
186,Elmbridge,D3,LC,48,NOC,"CON min",21,0,10,0,0,0,0,0,0,,E07000207,2016,2023,http://mygov.elmbridge.gov.uk/mgMemberIndex.aspx?FN=ALPHA,2019-05-09
187,"Epping Forest",D3,LC,58,CON,CON,37,0,3,3,0,0,0,1,0,,E07000072,2016,2023,http://rds.eppingforestdc.gov.uk/mgMemberIndex.aspx?FN=PARTY&VW=LIST&PIC=0,2019-05-09
188,Exeter,D3,LC,39,LAB,LAB,6,29,2,1,0,0,0,1,0,,E07000041,2016,2023,http://committees.exeter.gov.uk/mgMemberIndex.aspx?FN=PARTY&VW=LIST&PIC=0,2019-05-09
191,Harlow,D3,AA,33,LAB,LAB,13,20,0,0,0,0,0,0,0,,E07000073,2016,2023,http://moderngov.harlow.gov.uk/mgMemberIndex.aspx?bcr=1,2019-05-09
192,Hart,D3,LC,33,NOC,IND/LD,11,0,10,0,0,0,0,1,0,,E07000089,2016,2023,http://www.hart.gov.uk/district-councillors,2019-05-09
193,Havant,D3,LC,38,CON,CON,33,2,1,0,2,0,0,0,0,,E07000090,2016,2023,http://havant.moderngov.co.uk/mgMemberIndex.aspx?VW=TABLE&PIC=1&FN=PARTY,2019-05-09
194,Hyndburn,D3,LC,35,LAB,LAB,9,26,0,0,0,0,0,0,0,,E07000120,2016,2023,https://democracy.hyndburnbc.gov.uk/mgMemberIndex.aspx?FN=PARTY&VW=LIST&PIC=0,2019-05-09
195,Ipswich,D3,LC,48,LAB,LAB,9,36,3,0,0,0,0,0,0,,E07000202,2016,2023,https://democracy.ipswich.gov.uk/mgMemberIndex.aspx?bcr=1,2019-05-09
196,Lincoln,D3,LC,33,LAB,LAB,9,24,0,0,0,0,0,0,0,,E07000138,2016,2023,http://democratic.lincoln.gov.uk/mgMemberIndex.aspx?FN=PARTY&VW=LIST&PIC=0,2019-05-09
197,Maidstone,D3,LC,55,NOC,LD...,25,4,20,0,0,0,0,6,0,,E07000110,2016,2023,https://services.maidstone.gov.uk/meetings/mgMemberIndex.aspx?bcr=1,2019-05-09
198,"Mole Valley",D3,LC,41,LD,LD,12,0,22,0,0,0,0,0,0,,E07000210,2016,2023,http://www.molevalley.gov.uk/index.cfm?articleid=17184,2019-05-09
199,"North Hertfordshire",D3,LC,49,CON,CON,22,16,11,0,0,0,0,0,0,,E07000099,2016,2023,https://democracy.north-herts.gov.uk/mgMemberIndex.aspx?bcr=1,2019-05-09
200,Norwich,D3,LC,39,LAB,LAB,0,27,3,9,0,0,0,0,0,,E07000148,2016,2023,https://cmis.norwich.gov.uk/live/Councillors.aspx,2019-05-09
201,Pendle,D3,LC,49,NOC,TBC,23,16,10,0,0,0,0,0,0,,E07000122,2016,2023,http://www.pendle.gov.uk/councillors/name,2019-05-09
202,Preston,D3,LC,57,LAB,LAB,9,30,9,0,0,0,0,0,0,"48 wards from 2019",E07000123,2016,2023,http://preston.moderngov.co.uk/mgMemberIndex.aspx?FN=PARTY&VW=LIST&PIC=0,2019-05-09
203,Redditch,D3,LC,29,CON,CON,18,11,0,0,0,0,0,0,0,,E07000236,2016,2023,http://moderngovwebpublic.redditchbc.gov.uk/mgMemberIndex.aspx?bcr=1,2019-05-10
204,"Reigate and Banstead",D3,LC,51,CON,CON,39,0,1,3,0,0,0,6,2,,E07000211,2016,2023,https://reigate-banstead.moderngov.co.uk/mgCommitteeDetails.aspx?ID=136,2019-04-26
205,Rochford,D3,LC,39,CON,CON,26,0,3,3,0,0,0,2,0,,E07000075,2016,2023,https://rochford.cmis.uk.com/rochford/Members/tabid/62/ScreenMode/Alphabetical/Default.aspx,2019-05-10
206,Rossendale,D3,LC,36,LAB,LAB,13,20,0,0,0,0,0,1,0,,E07000125,2016,2023,http://www.rossendale.gov.uk/councillors/name,2019-05-10
207,Rugby,D3,LC,42,CON,CON,24,9,9,0,0,0,0,0,0,,E07000220,2016,2023,https://www.rugby.gov.uk/councillors/name,2019-05-10
208,Runnymede,D3,AA,42,CON,CON,32,1,0,0,0,0,0,8,1,,E07000212,2016,2023,https://www.runnymede.gov.uk/article/15001/Councillors,2019-04-26
209,Rushmoor,D3,LC,39,CON,CON,26,11,2,0,0,0,0,0,0,,E07000092,2016,2023,http://www.rushmoor.gov.uk/councillors,2019-05-10
130,"South Lakeland",D3,LC,51,LD,LD,19,3,29,0,0,0,0,0,0,,E07000031,2016,2023,http://democracy.southlakeland.gov.uk/mgMemberIndex.aspx?bcr=1,2019-04-26
210,"St Albans",D3,LC,58,CON,CON,30,6,17,1,0,0,0,3,1,,E07000240,2016,2023,http://stalbans.moderngov.co.uk/mgMemberIndex.aspx?FN=PARTY&VW=LIST&PIC=0,2019-04-26
211,Stevenage,D3,LC,39,LAB,LAB,9,26,4,0,0,0,0,0,0,,E07000243,2016,2023,http://democracy.stevenage.gov.uk/mgMemberIndex.aspx?bcr=1,2019-04-26
213,Tamworth,D3,LC,30,CON,CON,20,6,0,0,1,0,0,2,1,,E07000199,2016,2023,http://democracy.tamworth.gov.uk/mgFindMember.aspx?XXR=0&AC=USERSEARCH&,2019-04-26
214,Tandridge,D3,AA,42,CON,CON,22,0,9,0,0,0,0,11,0,,E07000215,2016,2023,http://www.councillors.tandridge.gov.uk/cmis5/Councillors/tabid/62/ScreenMode/Alphabetical/Default.aspx,2019-04-26
215,"Three Rivers",D3,LC,39,LD,LD,15,3,20,0,0,0,0,0,1,,E07000102,2016,2023,http://www.threerivers.gov.uk/egcl-page/ward-councillors,2019-04-26
216,"Tunbridge Wells",D3,LC,48,CON,CON,38,2,4,0,0,0,0,2,2,,E07000116,2016,2023,http://democracy.tunbridgewells.gov.uk/mgMemberIndex.aspx?bcr=1,2019-04-26
217,Watford,D3,MC,36,LD,LD,0,10,25,0,0,0,0,0,1,,E07000103,2016,2023,http://watford.moderngov.co.uk/mgMemberIndex.aspx?FN=PARTY&VW=LIST&PIC=0,2019-04-26
218,"Welwyn Hatfield",D3,LC,48,CON,CON,24,14,8,0,0,0,0,0,2,,E07000241,2016,2023,https://democracy.welhat.gov.uk/mgMemberIndex.aspx?FN=ALPHA&VW=LIST&PIC=0,2019-04-26
219,"West Lancashire",D3,LC,54,LAB,LAB,18,33,0,0,0,0,0,2,1,,E07000127,2016,2023,https://democracy.westlancs.gov.uk/mgMemberIndex.aspx?bcr=1,2019-04-26
220,"West Oxfordshire",D3,LC,49,CON,CON,32,5,8,0,0,0,0,4,0,,E07000181,2016,2023,http://cmis.westoxon.gov.uk/cmis/Councillors.aspx,2019-04-26
221,"Weymouth and Portland",D3,AA,36,NOC,CON/LAB/LD/GRN/IND/U,16,11,4,1,0,0,0,2,2,"Merged with rural dorset councils to form Dorset from 2019",E07000053,2016,2018,http://moderngovdcp.dorsetforyou.gov.uk/mgMemberIndexGroup.aspx?g=WPBC&m=WPBC,2019-04-26
222,Winchester,D3,LC,45,CON,CON,23,0,22,0,0,0,0,0,0,,E07000094,2016,2023,https://democracy.winchester.gov.uk/mgMemberIndex.aspx?bcr=1,2019-04-26
223,Woking,D3,LC,30,NOC,"CON min",15,3,9,0,0,0,0,3,0,,E07000217,2016,2023,https://moderngov.woking.gov.uk/mgMemberIndex.aspx?bcr=1,2019-04-26
224,Worcester,D3,LC,35,CON,CON/LAB/GRN,18,15,0,2,0,0,0,0,0,,E07000237,2016,2023,http://committee.cityofworcester.gov.uk/mgMemberIndex.aspx?FN=PARTY&VW=LIST&PIC=0,2019-04-26
225,Worthing,D3,LC,37,CON,CON,28,5,2,0,1,0,0,1,0,,E07000229,2016,2023,https://www.adur-worthing.gov.uk/councillors-and-mps/councillors-worthing/,2019-04-26
227,"Barking and Dagenham",L1,LC,51,LAB,LAB,0,50,0,0,0,0,0,1,0,,E09000002,2016,2023,https://modgov.lbbd.gov.uk/Internet/mgMemberIndex.aspx,2019-04-26
228,Barnet,L1,LC,63,CON,CON,38,24,0,0,0,0,0,1,0,,E09000003,2016,2023,https://barnet.moderngov.co.uk/mgMemberIndex.aspx?bcr=1,2019-03-31
229,Bexley,L1,LC,45,CON,CON,34,10,0,0,0,0,0,1,0,,E09000004,2016,2023,http://democracy.bexley.gov.uk/mgMemberIndex.aspx?FN=PARTY&VW=LIST&PIC=0,2019-04-26
230,Brent,L1,LC,63,LAB,LAB,3,60,0,0,0,0,0,0,0,,E09000005,2016,2023,http://democracy.brent.gov.uk/mgMemberIndex.aspx?FN=PARTY&VW=LIST&PIC=0,2019-04-26
231,Bromley,L1,LC,60,CON,CON,50,8,0,0,0,0,0,2,0,,E09000006,2016,2023,http://cds.bromley.gov.uk/mgMemberIndex.aspx?FN=PARTY&VW=LIST&PIC=0,2019-04-26
232,Camden,L1,LC,54,LAB,LAB,7,43,3,1,0,0,0,0,0,,E09000007,2016,2023,http://democracy.camden.gov.uk/mgMemberIndex.aspx?FN=PARTY&VW=LIST&PIC=0,2019-04-26
233,Croydon,L1,LC,70,LAB,LAB,29,41,0,0,0,0,0,0,0,,E09000008,2016,2023,https://democracy.croydon.gov.uk/mgMemberIndex.aspx?FN=WARD&VW=LIST&PIC=0,2019-04-26
234,Ealing,L1,LC,69,LAB,LAB,8,57,4,0,0,0,0,0,0,,E09000009,2016,2023,http://ealing.cmis.uk.com/ealing/Councillors.aspx,2019-04-26
235,Enfield,L1,LC,63,LAB,LAB,16,46,0,0,0,0,0,1,0,,E09000010,2016,2023,https://governance.enfield.gov.uk/mgMemberIndex.aspx?FN=PARTY&VW=LIST&PIC=0,2019-02-28
236,Greenwich,L1,LC,51,LAB,LAB,9,41,0,0,0,0,0,1,0,,E09000011,2016,2023,http://www.royalgreenwich.gov.uk/info/200033/councillors_democracy_and_elections/598/find_your_councillor,2019-04-26
237,Hackney,L1,MC,57,LAB,"LAB Mayor",5,52,0,0,0,0,0,0,0,,E09000012,2016,2023,http://mginternet.hackney.gov.uk/mgMemberIndex.aspx?bcr=1,2019-04-26
238,"Hammersmith and Fulham",L1,LC,46,LAB,LAB,11,35,0,0,0,0,0,0,0,,E09000013,2016,2023,http://democracy.lbhf.gov.uk/mgMemberIndex.aspx?bcr=1,2019-04-26
239,Haringey,L1,LC,57,LAB,LAB,0,42,15,0,0,0,0,0,0,,E09000014,2016,2023,http://www.minutes.haringey.gov.uk/mgMemberIndex.aspx?FN=PARTY&VW=LIST&PIC=0,2019-04-26
240,Harrow,L1,LC,63,LAB,LAB,28,35,0,0,0,0,0,0,0,,E09000015,2016,2023,http://www.harrow.gov.uk/www2/mgMemberIndex.aspx?FN=PARTY&VW=LIST&PIC=0&J=1,2019-04-26
241,Havering,L1,LC,54,NOC,CON/IND,25,5,0,0,0,0,0,23,1,,E09000016,2016,2023,http://democracy.havering.gov.uk/mgMemberIndex.aspx?bcr=1,2019-04-26
242,Hillingdon,L1,LC,65,CON,CON,44,21,0,0,0,0,0,0,0,,E09000017,2016,2023,http://modgov.hillingdon.gov.uk/mgMemberIndex.aspx?FN=PARTY&VW=LIST&PIC=0,2019-04-26
243,Hounslow,L1,LC,60,LAB,LAB,9,51,0,0,0,0,0,0,0,,E09000018,2016,2023,http://democraticservices.hounslow.gov.uk/mgMemberIndex.aspx?FN=PARTY&VW=LIST&PIC=0,2019-04-26
244,Islington,L1,LC,48,LAB,LAB,0,47,0,1,0,0,0,0,0,,E09000019,2016,2023,http://democracy.islington.gov.uk/mgMemberIndex.aspx?bcr=1,2019-04-26
245,"Kensington and Chelsea",L1,LC,50,CON,CON,36,13,1,0,0,0,0,0,0,,E09000020,2016,2023,https://www.rbkc.gov.uk/committees/Members/tabid/62/ScreenMode/Alphabetical/Default.aspx,2019-04-26
246,"Kingston upon Thames",L1,LC,48,LD,LD,9,0,38,1,0,0,0,0,0,,E09000021,2016,2023,https://moderngov.kingston.gov.uk/mgMemberIndex.aspx,2019-02-28
247,Lambeth,L1,LC,63,LAB,LAB,1,57,0,5,0,0,0,0,0,,E09000022,2016,2023,https://moderngov.lambeth.gov.uk/mgMemberIndex.aspx?FN=PARTY&VW=LIST&PIC=0,2019-04-25
248,Lewisham,L1,MC,54,LAB,"LAB Mayor",0,53,0,0,0,0,0,0,1,,E09000023,2016,2023,http://councilmeetings.lewisham.gov.uk/mgMemberIndex.aspx?FN=PARTY&VW=LIST&PIC=0,2019-05-03
249,Merton,L1,LC,60,LAB,LAB,17,34,6,0,0,0,0,3,0,,E09000024,2016,2023,http://democracy.merton.gov.uk/mgMemberIndex.aspx?bcr=1&FN=GROUPING&VW=LIST&PIC=0,2019-04-26
250,Newham,L1,MC,60,LAB,"LAB Mayor",0,60,0,0,0,0,0,0,0,,E09000025,2016,2023,https://mgov.newham.gov.uk/mgMemberIndex.aspx?FN=PARTY&VW=LIST&PIC=0,2019-04-26
251,Redbridge,L1,LC,63,LAB,LAB,12,51,0,0,0,0,0,0,0,,E09000026,2016,2023,http://moderngov.redbridge.gov.uk/mgFindMember.aspx?XXR=0&AC=USERSEARCH,2019-04-26
252,"Richmond upon Thames",L1,LC,54,LD,LD,11,0,39,4,0,0,0,0,0,,E09000027,2016,2023,https://cabnet.richmond.gov.uk/mgMemberIndex.aspx,2019-04-26
253,Southwark,L1,LC,63,LAB,LAB,0,49,14,0,0,0,0,0,0,,E09000028,2016,2023,http://moderngov.southwarksites.com/mgFindMember.aspx?XXR=0&AC=USERSEARCH&sPC=Enter%20postcode&,2019-04-26
254,Sutton,L1,LC,54,LD,LD,18,0,33,0,0,0,0,3,0,,E09000029,2016,2023,https://moderngov.sutton.gov.uk/mgMemberIndex.aspx?FN=PARTY&VW=LIST&PIC=0,2019-04-26
255,"Tower Hamlets",L1,LC,45,LAB,"LAB Mayor",2,41,1,0,0,0,0,1,0,,E09000030,2016,2023,http://democracy.towerhamlets.gov.uk/mgMemberIndex.aspx?bcr=1,2019-04-26
256,"Waltham Forest",L1,LC,60,LAB,LAB,14,46,0,0,0,0,0,0,0,,E09000031,2016,2023,https://democracy.walthamforest.gov.uk/mgFindMember.aspx?XXR=0&AC=USERSEARCH&sPC=Enter%20postcode,2019-04-26
257,Wandsworth,L1,LC,60,CON,CON,33,26,0,0,0,0,0,1,0,,E09000032,2016,2023,https://democracy.wandsworth.gov.uk/mgMemberIndex.aspx,2019-04-26
258,Westminster,L1,LC,60,CON,CON,41,19,0,0,0,0,0,0,0,,E09000033,2016,2023,http://committees.westminster.gov.uk/mgMemberIndex.aspx?bcr=11,2019-04-26
259,Birmingham,M1,LC,101,LAB,LAB,25,67,8,1,0,0,0,0,0,,E08000025,2016,2023,https://www.birmingham.gov.uk/councillors/name,2018-05-14
260,Doncaster,M1,MC,55,LAB,"LAB Mayor",7,43,0,0,0,0,0,5,0,,E08000017,2016,2023,http://doncaster.moderngov.co.uk/mgMemberIndex.aspx?FN=PARTY&VW=LIST&PIC=0,2019-04-26
278,Rotherham,M1,LC,63,LAB,LAB,0,48,1,0,13,0,0,1,0,,E08000018,2016,2023,http://www.rotherham.gov.uk/councillors/name,2019-04-26
264,Barnsley,M3,LC,63,LAB,LAB,4,56,1,0,0,0,0,2,0,,E08000016,2016,2023,http://barnsleymbc.moderngov.co.uk/mgMemberIndex.aspx?FN=PARTY&VW=LIST&PIC=0,2019-04-26
265,Bolton,M3,LC,60,NOC,"LAB min",20,24,6,0,3,0,0,3,0,,E08000001,2016,2023,http://democracy.bolton.gov.uk/cmis5/People.aspx,2019-05-03
266,Bradford,M3,LC,90,LAB,LAB,22,53,7,2,0,0,0,6,0,,E08000032,2016,2023,https://bradford.moderngov.co.uk/mgMemberIndex.aspx?FN=ALPHA&VW=LIST&PIC=0,2019-05-03
267,Bury,M3,LC,51,LAB,LAB,16,30,4,0,0,0,0,1,0,,E08000002,2016,2023,https://councildecisions.bury.gov.uk/mgMemberIndex.aspx?FN=WARD&VW=LIST&PIC=0,2019-05-03
268,Calderdale,M3,LC,51,LAB,LAB,14,28,7,0,0,0,0,2,0,,E08000033,2016,2023,http://www.calderdale.gov.uk/council/councillors/councillors/search/browse.jsp,2019-05-03
269,Coventry,M3,LC,54,LAB,LAB,13,40,0,0,4,0,0,1,0,,E08000026,2016,2023,http://www.coventry.gov.uk/councillors/name,2019-05-03
270,Dudley,M3,LC,72,NOC,"LAB min",36,36,0,0,0,0,0,0,0,,E08000027,2016,2023,http://councillors.dudley.gov.uk/conservative/,2019-05-03
271,Gateshead,M3,LC,66,LAB,LAB,0,52,14,0,0,0,0,0,0,,E08000037,2016,2023,http://democracy.gateshead.gov.uk/mgMemberIndex.aspx?bcr=1,2019-05-03
272,Kirklees,M3,LC,69,LAB,LAB,17,35,10,3,0,0,0,4,0,,E08000034,2016,2023,https://democracy.kirklees.gov.uk/mgMemberIndex.aspx,2019-05-03
273,Knowsley,M3,LC,45,LAB,LAB,0,37,3,3,0,0,0,2,0,,E08000011,2016,2023,http://councillors.knowsley.gov.uk/mgMemberIndex.aspx?FN=PARTY&VW=LIST&PIC=0,2019-05-03
261,Leeds,M3,LC,99,LAB,LAB,22,61,6,2,0,0,0,8,0,,E08000035,2016,2023,http://democracy.leeds.gov.uk/mgMemberIndex.aspx?FN=PARTY&VW=LIST&PIC=0,2019-04-26
274,Liverpool,M3,MC,90,LAB,"LAB Mayor",0,72,10,4,0,0,0,3,0,,E08000012,2016,2023,http://councillors.liverpool.gov.uk/mgMemberIndex.aspx?FN=PARTY&VW=LIST&PIC=0,2019-05-03
262,Manchester,M3,LC,96,LAB,LAB,0,93,2,0,0,0,0,0,1,,E08000003,2016,2023,http://www.manchester.gov.uk/site/custom_scripts/councillors/index.php?cllr-type=all,2019-04-26
263,"Newcastle upon Tyne",M3,LC,78,LAB,LAB,0,54,19,0,0,0,0,3,2,,E08000021,2016,2023,http://democracy.newcastle.gov.uk/mgFindMember.aspx?XXR=0&AC=USERSEARCH,2019-04-26
275,"North Tyneside",M3,MC,60,LAB,LAB,7,51,1,0,0,0,0,1,0,,E08000022,2016,2023,http://my.northtyneside.gov.uk/category/312/councillors,2019-05-03
276,Oldham,M3,LC,60,LAB,LAB,4,45,8,0,0,0,0,3,0,,E08000004,2016,2023,http://www.oldham.gov.uk/councillors/name,2019-05-03
277,Rochdale,M3,LC,60,LAB,LAB,9,47,4,0,0,0,0,0,0,,E08000005,2016,2023,http://democracy.rochdale.gov.uk/mgMemberIndex.aspx?FN=PARTY&VW=LIST&PIC=0,2019-05-04
279,Salford,M3,LC,60,LAB,"LAB Mayor",8,50,0,0,0,0,0,1,1,,E08000006,2016,2023,http://www.salford.gov.uk/your-council/councillors/councillors-by-name/,2019-05-04
280,Sandwell,M3,LC,72,LAB,LAB,0,72,0,0,0,0,0,0,0,,E08000028,2016,2023,https://cmis.sandwell.gov.uk/cmis5/People/tabid/62/ScreenMode/Alphabetical/Default.aspx,2019-05-04
281,Sefton,M3,LC,66,LAB,LAB,6,43,12,0,0,0,0,3,0,,E08000014,2016,2023,http://modgov.sefton.gov.uk/moderngov/mgMemberIndex.aspx?FN=PARTY&VW=LIST&PIC=0,2019-05-04
282,Sheffield,M3,LC,84,LAB,LAB,0,49,26,8,1,0,0,0,0,,E08000019,2016,2023,http://democracy.sheffield.gov.uk/mgMemberIndex.aspx?bcr=1,2019-05-03
283,Solihull,M3,LC,51,CON,CON,26,3,6,14,8,0,0,1,0,,E08000029,2016,2023,http://eservices.solihull.gov.uk/mgInternet/mgMemberIndex.aspx?bcr=1,2019-05-03
284,"South Tyneside",M3,LC,54,LAB,LAB,0,48,0,1,0,0,0,5,0,,E08000023,2016,2023,https://www.southtyneside.gov.uk/article/59877/Councillors,2019-05-04
285,"St. Helens",M3,LC,48,LAB,LAB,3,37,4,2,0,0,0,2,0,,E08000013,2016,2023,http://moderngov.sthelens.gov.uk/mgMemberIndex.aspx?FN=PARTY&VW=LIST&PIC=0,2019-05-04
286,Stockport,M3,LC,63,NOC,"LAB min",8,26,26,0,0,0,0,3,0,,E08000007,2016,2023,http://democracy.stockport.gov.uk/mgMemberIndex.aspx?bcr=1,2019-05-04
287,Sunderland,M3,LC,75,LAB,LAB,12,51,8,1,3,0,0,0,0,,E08000024,2016,2023,http://www.sunderland.gov.uk/committees/cmis5/Members.aspx,2019-05-04
288,Tameside,M3,LC,57,LAB,LAB,5,51,0,1,0,0,0,0,0,,E08000008,2016,2023,http://tameside.moderngov.co.uk/mgMemberIndex.aspx?FN=ALPHA,2019-05-04
289,Trafford,M3,LC,63,LAB,LAB,20,36,4,3,0,0,0,0,0,,E08000009,2016,2023,https://democratic.trafford.gov.uk/mgMemberIndex.aspx?bcr=1,2019-05-04
290,Wakefield,M3,LC,63,LAB,LAB,11,50,1,0,0,0,0,1,0,,E08000036,2016,2023,http://mg.wakefield.gov.uk/mgMemberIndex.aspx?FN=ALPHA&VW=LIST&PIC=0,2019-05-04
291,Walsall,M3,LC,60,CON,CON,32,26,2,0,0,0,0,0,0,,E08000030,2016,2023,https://cmispublic.walsall.gov.uk/cmis/Councillors.aspx,2019-05-04
292,Wigan,M3,LC,75,LAB,LAB,8,57,0,0,0,0,0,10,0,,E08000010,2016,2023,http://democracy.wigan.gov.uk/mgMemberIndex.aspx?FN=PARTY&VW=LIST&PIC=0,2019-05-04
293,Wirral,M3,LC,66,NOC,"LAB min",22,35,6,3,0,0,0,0,0,,E08000015,2016,2023,http://democracy.wirral.gov.uk/mgMemberIndex.aspx?FN=PARTY&VW=LIST&PIC=0,2019-05-04
294,Wolverhampton,M3,LC,60,LAB,LAB,10,50,0,0,0,0,0,0,0,,E08000031,2016,2023,http://wolverhampton.moderngov.co.uk/mgMemberIndex.aspx?FN=ALPHA&VW=LIST&PIC=0,2019-05-04
1001,"Antrim and Newtownabbey",N1,,40,NOC,,0,0,0,0,0,0,0,1,0,,,2016,2023,http://www.antrimandnewtownabbey.gov.uk/Council/Your-Councillors?utm_source=PP&utm_medium=web&utm_campaign=Councillors&utm_content=9,2019-03-08
1002,"Armagh City, Banbridge and Craigavon",N1,,41,NOC,,0,0,0,0,0,0,0,4,0,,,2016,2023,https://www.armaghbanbridgecraigavon.gov.uk/council/find-a-councillor/,2019-03-08
1003,Belfast,N1,,60,NOC,,0,0,0,1,0,0,0,6,0,,,2016,2023,https://minutes3.belfastcity.gov.uk/mgMemberIndex.aspx?FN=PARTY&VW=LIST&PIC=0,2019-03-08
1004,"Causeway Coast and Glens",N1,,40,NOC,,0,0,0,0,0,0,0,2,0,,,2016,2023,https://www.causewaycoastandglens.gov.uk/council/councillors,2019-03-08
1005,"Derry and Strabane",N1,,40,NOC,,0,0,0,0,0,0,0,7,0,,,2016,2023,http://meetings.derrycityandstrabanedistrict.com/mgMemberIndex.aspx?FN=PARTY&VW=LIST&PIC=0,2019-03-08
1006,"Fermanagh and Omagh",N1,,40,NOC,,0,0,0,0,0,0,0,4,0,,,2016,2023,http://www.fermanaghomagh.com/your-council/councillors/,2019-03-08
1007,"Lisburn and Castlereagh",N1,,40,NOC,,0,0,0,0,0,0,0,1,0,,,2016,2023,https://www.lisburncastlereagh.gov.uk/council/elected-members,2019-03-08
1008,"Mid and East Antrim",N1,,40,NOC,,0,0,0,0,0,0,0,5,0,,,2016,2023,https://www.midandeastantrim.gov.uk/council/councillors,2019-03-08
1009,Mid-Ulster,N1,,40,NOC,,0,0,0,0,0,0,0,2,0,,,2016,2023,https://mid-ulster.cmis-ni.org/Midulster/Councillors.aspx,2019-03-08
1010,"Newry, Mourne and Down",N1,,41,NOC,,0,0,0,0,0,0,0,4,0,,,2016,2023,http://www.newrymournedown.org/your-councillors,2019-03-08
1011,"North Down and Ards",N1,,40,NOC,,0,0,0,2,0,0,0,2,0,,,2016,2023,http://www.ardsandnorthdown.gov.uk/about-the-council/find-my-councillor/view-all,2019-03-08
295,Aberdeen,S1,,45,NOC,CON/LAB/IND,11,9,3,0,0,0,19,3,0,,S30000026,2016,2023,http://committees.aberdeencity.gov.uk/mgMemberIndex.aspx?FN=PARTY&VW=LIST&PIC=0,2019-04-26
296,Aberdeenshire,S1,,70,NOC,CON/LD/IND,21,1,14,1,0,0,21,12,0,,S30000027,2016,2023,http://committees.aberdeenshire.gov.uk/Committees.aspx?councillors=1,2019-04-26
297,Angus,S1,,28,NOC,CON/IND/LD,8,0,2,0,0,0,9,9,0,,S30000001,2016,2023,https://www.angus.gov.uk/councillors,2019-04-26
298,"Argyll and Bute",S1,,36,NOC,CON/LD/IND,9,0,6,0,0,0,11,10,0,,S30000036,2016,2023,https://www.argyll-bute.gov.uk/councillor_list,2019-04-26
299,Clackmannanshire,S1,,18,NOC,"SNP min",4,5,0,0,0,0,8,1,0,,S30000003,2016,2023,http://www.clacks.gov.uk/council/wards/,2019-04-26
300,"Dumfries and Galloway",S1,,43,NOC,LAB/SNP,15,10,1,0,0,0,11,6,0,,S30000016,2016,2023,http://egenda.dumgal.gov.uk/aksdumgal/users/public/admin/main.pl?op=ListCurrentMembers,2019-04-26
301,Dundee,S1,,29,NOC,SNP,3,8,2,0,0,0,15,1,0,,S30000002,2016,2023,https://www.dundeecity.gov.uk/councillors/cllorsurname/,2019-05-02
302,"East Ayrshire",S1,,32,NOC,"SNP min",6,9,0,0,0,0,14,3,0,,S30000017,2016,2023,https://www.east-ayrshire.gov.uk/CouncilAndGovernment/About-the-Council/Councillors-and-Provost/YourCouncillor.aspx,2019-04-26
303,"East Dunbartonshire",S1,,22,NOC,LD/CON,6,2,6,0,0,0,7,1,0,,S30000015,2016,2023,https://www.eastdunbarton.gov.uk/council/committees-councillors/councillors-2017,2019-04-26
304,"East Lothian",S1,,22,NOC,"LAB min",6,9,0,0,0,0,6,0,1,,S30000005,2016,2023,http://www.eastlothian.gov.uk/councillors/name,2019-04-26
305,"East Renfrewshire",S1,,18,NOC,SNP/LAB,6,4,0,0,0,0,5,3,0,,S30000020,2016,2023,http://www.eastrenfrewshire.gov.uk/councillors-democracy,2019-04-26
306,Edinburgh,S1,,63,NOC,SNP/LAB,17,11,6,8,0,0,17,4,0,,S30000008,2016,2023,http://www.edinburgh.gov.uk/councillors/name,2019-04-26
308,Falkirk,S1,,30,NOC,"SNP min",6,8,0,0,0,0,12,4,0,,S30000009,2016,2023,http://www.falkirk.gov.uk/services/council-democracy/councillors-decision-making/councillors/,2019-04-26
309,Fife,S1,,75,NOC,SNP/LAB,16,23,7,0,0,0,29,0,0,,S30000004,2016,2023,http://www.fifedirect.org.uk/news/index.cfm?fuseaction=cllr.home,2019-04-26
310,Glasgow,S1,,85,NOC,"SNP min",8,31,0,7,0,0,37,2,0,,S30000019,2016,2023,http://www.glasgow.gov.uk/councillorsandcommittees/allMembers.asp?sort=0&page=0&rec=78,2019-04-26
311,Highland,S1,,74,NOC,IND/LD/LAB,11,3,9,1,0,0,20,30,0,,,2016,2023,http://www.highland.gov.uk/councillors/name,2019-04-26
312,Inverclyde,S1,,22,NOC,"LAB min",2,8,1,0,0,0,7,4,0,,S30000022,2016,2023,http://www.inverclyde.gov.uk/meetings/councillors,2019-02-28
313,Midlothian,S1,,18,NOC,"LAB min",5,6,0,0,0,0,7,0,0,,S30000006,2016,2023,https://midlothian.cmis.uk.com/Live/Councillors.aspx,2019-04-26
314,Moray,S1,,26,NOC,"SNP min",8,1,0,0,0,0,9,8,0,,,2016,2023,https://moray.cmis.uk.com/moray/CouncilandGovernance/Councillors.aspx,2019-04-26
307,"Na h-Eileanan Siar",S1,,31,IND,IND,2,0,0,0,0,0,7,22,0,,S30000039,2016,2023,https://www.cne-siar.gov.uk/your-council/wards-and-councillors/council-members/,2018-05-14
315,"North Ayrshire",S1,,33,NOC,"LAB min",7,11,0,0,0,0,11,4,0,,S30000018,2016,2023,https://north-ayrshire.cmis.uk.com/North-Ayrshire/-ayrshire.cmis.uk.com/north-ayrshire/Councillors/CurrentCouncillors/tabid/98/ScreenMode/Alphabetical/Default.aspx,2019-04-26
316,"North Lanarkshire",S1,,77,NOC,"LAB min",8,33,0,0,0,0,31,5,0,,S30000023,2016,2023,https://mars.northlanarkshire.gov.uk/egenda/public/main.pl?op=ListCurrentMembers,2019-04-26
317,"Orkney Islands",S1,,21,IND,IND,0,0,0,1,0,0,0,20,0,,S30000040,2016,2023,http://www.orkney.gov.uk/Council/Councillors/councillor-profiles.htm,2019-04-26
318,"Perth and Kinross",S1,,40,NOC,CON/LD/IND,17,1,4,0,0,0,15,3,0,,S30000010,2016,2023,https://perth-and-kinross.cmis.uk.com/perth-and-kinross/Councillors/OverviewofCouncillors.aspx,2019-04-26
319,Renfrewshire,S1,,43,NOC,"SNP min",8,13,1,0,0,0,19,2,0,,S30000021,2016,2023,http://renfrewshire.cmis.uk.com/renfrewshire/Councillors.aspx,2019-04-26
320,"Scottish Borders",S1,,34,NOC,CON/IND,14,0,2,0,0,0,9,9,0,,S30000007,2016,2023,https://www.scotborders.gov.uk/councillors/name,2019-04-26
321,Shetland,S1,,22,IND,IND,0,0,0,0,0,0,1,21,0,,S30000041,2016,2023,http://www.shetland.gov.uk/about_your_councillors/,2019-04-26
322,"South Ayrshire",S1,,28,NOC,SNP/LAB/IND,12,5,0,0,0,0,9,2,0,,S30000024,2016,2023,http://www.south-ayrshire.gov.uk/councillors/all/,2019-04-26
323,"South Lanarkshire",S1,,64,NOC,"SNP min",14,17,1,0,0,0,24,8,0,,S30000025,2016,2023,https://southlanarkshire.cmis.uk.com/southlanarkshire/Councillors.aspx,2019-04-26
324,Stirling,S1,,23,NOC,SNP/LAB,8,4,0,1,0,0,9,1,0,,S30000011,2016,2023,https://my.stirling.gov.uk/council-democracy/politicians-elections-democracy/your-councillors/,2019-04-26
325,"West Dunbartonshire",S1,,22,NOC,SNP/IND1,2,8,0,0,0,0,10,2,0,,S30000014,2016,2023,http://www.west-dunbarton.gov.uk/council/councillors-and-committees/councillor/councillors-by-name/,2019-04-26
326,"West Lothian",S1,,33,NOC,"LAB min",7,12,0,0,0,0,13,1,0,,S30000012,2016,2023,https://www.westlothian.gov.uk/article/1956/Councillors-and-Wards,2019-04-26
327,"Bath and North East Somerset",U1,,65,CON,CON,35,6,17,1,0,0,0,6,0,"Moving to 59 seats from 2019.",E06000022,2016,2023,https://democracy.bathnes.gov.uk/mgMemberIndex.aspx?FN=PARTY&VW=LIST&PIC=0,2019-04-26
328,Bedford,U1,,40,NOC,"LD Mayor",15,14,9,0,0,0,0,2,0,,E06000055,2016,2023,http://www.councillorsupport.bedford.gov.uk/mgFindMember.aspx?XXR=0&AC=USERSEARCH&sPC=Enter%20postcode&,2019-04-26
329,Blackpool,U1,,42,LAB,LAB,12,26,0,0,0,0,0,4,0,,E06000009,2016,2023,http://democracy.blackpool.gov.uk/mgMemberIndex.aspx?FN=ALPHA&VW=LIST&PIC=0,2019-04-26
330,Bournemouth,U1,,54,CON,CON,50,0,0,1,0,0,0,3,0,"Merged with Christchurch and Poole to form Bournemouth, Christchurch and Poole from 2019",E06000028,2016,2018,http://www.bournemouth.gov.uk/councildemocratic/Councillors/Councillors.aspx?CouncillorsListing_DisplayMode=Party,2019-04-26
409,"Bournemouth, Christchurch and Poole",U1,,76,,,0,0,0,0,0,0,0,0,0,"This council is new for 2019. No data as yet.",,2019,2023,,2018-07-11
331,"Bracknell Forest",U1,,42,CON,CON,41,1,0,0,0,0,0,0,0,,E06000036,2016,2023,http://democratic.bracknell-forest.gov.uk/mgMemberIndex.aspx?FN=PARTY&VW=LIST&PIC=0,2019-04-26
332,"Brighton and Hove",U1,,54,NOC,"LAB min",21,19,0,11,0,0,0,2,1,,E06000043,2016,2023,http://present.brighton-hove.gov.uk/mgMemberIndex.aspx?FN=PARTY&VW=LIST&PIC=0,2019-04-26
366,Bristol,U1,,70,LAB,"LAB Mayor",15,36,7,11,0,0,0,1,0,,E06000023,2016,2023,https://democracy.bristol.gov.uk/mgFindMember.aspx?XXR=0&AC=USERSEARCH,2019-04-26
333,"Central Bedfordshire",U1,,59,CON,CON,51,2,1,0,0,0,0,4,1,,E06000056,2016,2023,http://centralbeds.moderngov.co.uk/mgMemberIndex.aspx?bcr=1,2019-04-26
334,"Cheshire East",U1,,82,CON,CON,48,16,2,0,0,0,0,15,1,,E06000049,2016,2023,http://moderngov.cheshireeast.gov.uk/ecminutes/mgMemberIndex.aspx?FN=PARTY&VW=LIST&PIC=0,2019-04-26
335,"Cheshire West and Chester",U1,,75,LAB,LAB,35,38,0,0,0,0,0,2,0,,E06000050,2016,2023,http://cmttpublic.cheshirewestandchester.gov.uk/mgMemberIndex.aspx?FN=PARTY&VW=LIST&PIC=0,2019-04-26
336,Cornwall,U1,LC,123,NOC,LD/IND,47,4,36,0,0,0,0,36,0,,E06000052,2016,2023,https://democracy.cornwall.gov.uk/mgMemberIndex.aspx?FN=PARTY&VW=LIST&PIC=0,2019-04-26
337,Darlington,U1,,50,LAB,LAB,15,29,3,0,0,0,0,3,0,,E06000005,2016,2023,https://democracy.darlington.gov.uk//mgMemberIndex.aspx?bcr=1,2019-04-26
408,Dorset,U1,,82,,,0,0,0,0,0,0,0,0,0,"This council is new for 2019. No data as yet.",,2019,2024,,2018-07-11
338,Durham,U1,LC,126,LAB,LAB,10,73,15,0,0,0,0,27,0,,E06000047,2016,2023,https://democracy.durham.gov.uk/mgMemberIndex.aspx?FN=PARTY&VW=LIST&PIC=0,2019-05-02
339,"East Riding of Yorkshire",U1,,67,CON,CON,47,6,3,0,3,0,0,8,0,,E06000011,2016,2023,http://www2.eastriding.gov.uk/council/councillors-and-members-of-parliament/councillor-finder/,2019-04-26
340,Herefordshire,U1,,53,CON,CON,26,0,2,4,0,0,0,20,1,,E06000019,2016,2023,http://councillors.herefordshire.gov.uk/mgMemberIndex.aspx?FN=PARTY&VW=LIST&PIC=0&J=2&zTS=undefined,2019-04-26
342,"Isle of Wight",U1,LC,40,CON,CON,24,0,2,0,0,0,0,13,1,,E06000046,2016,2023,https://www.iwight.com/councillor/azCouncillors.aspx,2019-04-26
341,"Kingston upon Hull",U1,,57,LAB,LAB,2,31,24,0,0,0,0,0,0,,E06000010,2016,2023,https://cmis.hullcc.gov.uk/cmis/CouncillorsandSeniorOfficers/CouncillorsandSeniorOfficers.aspx,2019-04-26
343,Leicester,U1,,54,LAB,"LAB Mayor",1,51,1,0,0,0,0,1,0,,E06000016,2016,2023,http://www.cabinet.leicester.gov.uk/mgMemberIndex.aspx?FN=ALPHA&VW=LIST&PIC=0,2019-04-26
344,Luton,U1,,48,LAB,LAB,6,32,7,0,0,0,0,2,1,,E06000032,2016,2023,http://democracy.luton.gov.uk/cmis5public/Councillors.aspx,2019-04-26
345,Medway,U1,,55,CON,CON,34,15,0,0,1,0,0,4,1,,E06000035,2016,2023,https://democracy.medway.gov.uk/mgMemberIndex.aspx?FN=PARTY&VW=LIST&PIC=0,2019-04-26
346,Middlesbrough,U1,,46,LAB,"LAB Mayor",5,31,0,0,0,0,0,10,0,,E06000002,2016,2023,https://www.middlesbrough.gov.uk/mayor-council-and-councillors/councillors-and-council-meetings/councillors,2019-04-26
347,"North Lincolnshire",U1,,43,CON,CON,26,17,0,0,0,0,0,0,0,,E06000013,2016,2023,http://www.northlincs.gov.uk/your-council/have-your-say/councillors-and-mps/councillors/,2019-04-26
348,"North Somerset",U1,,50,CON,CON,36,4,4,1,0,0,0,5,0,,E06000024,2016,2023,http://www.n-somerset.gov.uk/my-council/councillors/councillor/find-your-councillors/list-of-councillors/,2019-04-26
349,Northumberland,U1,LC,67,NOC,"CON min",33,24,3,0,0,0,0,7,0,,E07000154,2016,2023,http://committee.northumberland.gov.uk/CouncillorSearch.aspx,2019-05-03
350,Nottingham,U1,,55,LAB,LAB,3,52,0,0,0,0,0,0,0,,E06000018,2016,2023,http://www.nottinghamcity.gov.uk/about-the-council/councillors-and-leadership/find-a-councillor/,2019-04-26
351,Poole,U1,,42,CON,CON,28,0,6,0,1,0,0,7,0,"Merged with Bournemouth and Christchurch to form Bournemouth, Christchurch and Poole from 2019",E06000029,2016,2018,http://archive.poole.gov.uk/your-council/councillors/meet-your-councillor/,2019-04-26
352,"Redcar and Cleveland",U1,,59,NOC,"LAB min",11,28,11,0,0,0,0,9,0,,E06000003,2016,2023,http://www.redcar-cleveland.gov.uk/Councill1.nsf/Councillors?ReadForm=&search=parties&select=All+Parties,2018-06-03
353,Rutland,U1,,26,CON,CON,15,0,1,0,0,0,0,8,2,,E06000017,2016,2023,http://rutlandcounty.moderngov.co.uk/mgMemberIndex.aspx?FN=PARTY&VW=LIST&PIC=0,2019-04-26
354,Shropshire,U1,LC,74,CON,CON,48,7,12,1,0,0,0,6,0,,E06000051,2016,2023,http://shropshire.gov.uk/committee-services/mgMemberIndex.aspx?FN=PARTY,2019-04-26
355,"South Gloucestershire",U1,CO,70,CON,CON,38,13,16,0,0,0,0,2,1,"61 wards from 2019",E06000025,2016,2023,https://council.southglos.gov.uk/mgMemberIndex.aspx?FN=PARTY&VW=LIST&PIC=0,2019-04-26
356,Stockton-on-Tees,U1,,56,LAB,LAB,12,30,1,0,0,0,0,13,0,,E06000004,2016,2023,http://www.egenda.stockton.gov.uk/aksstockton/users/public/admin/main.pl?op=ListCurrentMembers,2019-04-26
357,Stoke-on-Trent,U1,,44,NOC,IND/CON/UKIP,7,19,0,0,0,0,0,18,0,,E06000021,2016,2023,http://www.moderngov.stoke.gov.uk/mgMemberIndex.aspx?FN=PARTY&VW=LIST&PIC=0,2019-04-26
358,"Telford and Wrekin",U1,,54,LAB,LAB,20,28,4,0,0,0,0,2,0,,E06000020,2016,2023,http://apps.telford.gov.uk/CouncilAndDemocracy/Councillors?page=1,2019-04-26
359,Torbay,U1,,36,NOC,"CON Mayor",18,0,7,0,1,0,0,10,0,,E06000027,2016,2023,http://www.torbay.gov.uk/DemocraticServices/mgMemberIndex.aspx?FN=PARTY&VW=LIST&PIC=0,2019-04-26
360,Warrington,U1,LC,58,LAB,LAB,1,43,12,0,0,0,0,2,0,,E06000007,2016,2023,https://www.warrington.gov.uk/councillors/name,2019-04-26
361,"West Berkshire",U1,,52,CON,CON,45,0,5,0,0,0,0,0,2,"43 wards from 2019",E06000037,2016,2023,http://decisionmaking.westberks.gov.uk/mgMemberIndex.aspx?VW=TABLE&PIC=1&FN=ALPHA,2019-04-26
362,Wiltshire,U1,,98,CON,CON,66,3,20,0,0,0,0,8,1,,E06000054,2016,2023,http://cms.wiltshire.gov.uk/mgMemberIndex.aspx?FN=PARTY&VW=LIST&PIC=0,2019-04-26
363,"Windsor and Maidenhead",U1,,57,CON,CON,47,0,1,0,0,0,0,9,0,,E06000040,2016,2023,http://rbwm.moderngov.co.uk/mgMemberIndex.aspx?FN=PARTY&VW=LIST&PIC=0,2019-04-26
364,York,U1,,47,NOC,CON/LD,10,13,11,4,0,0,0,9,0,,E06000014,2016,2023,http://democracy.york.gov.uk/mgMemberIndex.aspx,2019-04-26
365,"Blackburn with Darwen",U3,,51,LAB,LAB,13,37,1,0,0,0,0,0,0,,E06000008,2016,2023,https://democracy.blackburn.gov.uk/mgFindMember.aspx?XXR=0&AC=USERSEARCH,2019-04-26
367,Derby,U3,,51,NOC,"CON min",19,22,5,0,3,0,0,2,0,,E06000015,2016,2023,https://cmis.derby.gov.uk/cmis5/Councillors/tabid/62/ScreenMode/Alphabetical/Default.aspx,2019-04-26
368,Halton,U3,,56,LAB,LAB,2,52,2,0,0,0,0,0,0,,E06000006,2016,2023,http://councillors.halton.gov.uk/mgMemberIndex.aspx?FN=ALPHA&VW=LIST&PIC=0,2019-04-26
369,Hartlepool,U3,,33,NOC,"LAB min",3,15,0,0,0,0,0,12,0,,E06000001,2016,2023,https://www.hartlepool.gov.uk/councillors/name,2019-04-26
370,"Milton Keynes",U3,,57,NOC,"LAB min",23,21,12,0,0,0,0,1,0,,E06000042,2016,2023,http://milton-keynes.cmis.uk.com/milton-keynes/Councillors.aspx,2019-04-26
371,"North East Lincolnshire",U3,,42,NOC,"LAB min",18,17,5,0,0,0,0,1,1,,E06000012,2016,2023,https://www.nelincs.gov.uk/councillors-and-democracy/councillors-mps-meps/councillors-by-party/,2019-04-26
372,Peterborough,U3,,60,CON,CON,31,14,7,1,1,0,0,4,2,,E06000031,2016,2023,http://democracy.peterborough.gov.uk/mgMemberIndex.aspx?FN=PARTY&VW=LIST&PIC=0,2019-04-26
373,Plymouth,U3,,57,LAB,LAB,26,30,0,0,0,0,0,1,0,,E06000026,2016,2023,http://web.plymouth.gov.uk/modgov?modgovlink=http://democracy.plymouth.gov.uk/mgMemberIndex.aspx,2019-04-26
374,Portsmouth,U3,,42,NOC,"LD min",17,5,17,0,0,0,0,2,1,,E06000044,2016,2023,http://democracy.portsmouth.gov.uk/mgMemberIndex.aspx?FN=PARTY&VW=LIST&PIC=0,2019-04-26
375,Reading,U3,,46,LAB,LAB,11,30,1,3,0,0,0,0,1,,E06000038,2016,2023,http://www.reading.gov.uk/cllrdavidabsolom,2019-03-30
376,Slough,U3,,42,LAB,LAB,7,34,0,0,0,0,0,1,0,,E06000039,2016,2023,http://www.slough.gov.uk/moderngov/mgMemberIndex.aspx?FN=PARTY&VW=LIST&PIC=0,2019-04-26
377,Southampton,U3,,48,LAB,LAB,19,26,0,0,0,0,0,3,0,,E06000045,2016,2023,http://www.southampton.gov.uk/modernGov/mgMemberIndex.aspx?bcr=1,2019-04-26
378,Southend-on-Sea,U3,,51,CON,CON,28,11,2,0,0,0,0,10,0,,E06000033,2016,2023,http://democracy.southend.gov.uk/mgMemberIndex.aspx?FN=PARTY&VW=LIST&PIC=0,2019-04-26
379,Swindon,U3,,57,CON,CON,29,24,2,0,0,0,0,2,0,,E06000030,2016,2023,http://ww5.swindon.gov.uk/moderngov/mgMemberIndex.aspx?FN=PARTY&VW=LIST&PIC=0&J=2,2019-04-26
380,Thurrock,U3,,49,NOC,"CON min",23,16,0,0,0,0,0,9,1,,E06000034,2016,2023,https://www.thurrock.gov.uk/current-councillors,2019-04-26
381,Wokingham,U3,,54,CON,CON,41,3,8,0,0,0,0,2,0,,E06000041,2016,2023,http://wokingham.moderngov.co.uk/mgMemberIndex.aspx?FN=PARTY&VW=LIST&PIC=0,2019-04-26
382,"Blaenau Gwent",W1,,41,IND,IND,0,12,0,0,0,0,0,29,0,,W06000019,2016,2023,https://www.blaenau-gwent.gov.uk/en/council/councillors-and-committees/councillor-directory/,2018-09-24
383,Bridgend,W1,,54,NOC,"LAB min",8,26,1,0,0,3,0,16,0,,W06000013,2016,2023,https://democratic.bridgend.gov.uk/mgMemberIndex.aspx?FN=ALPHA&VW=TABLE&PIC=1,2019-04-26
384,Caerphilly,W1,,73,LAB,LAB,0,49,0,0,0,18,0,6,0,,W06000018,2016,2023,http://www.democracy.caerphilly.gov.uk/mgMemberIndex.aspx?VW=TABLE&PIC=1&FN=,2019-04-26
385,Cardiff,W1,,75,LAB,LAB,20,39,11,0,0,3,0,2,0,,W06000015,2016,2023,http://cardiff.moderngov.co.uk/mgMemberIndex.aspx?FN=PARTY&VW=LIST&PIC=0,2019-04-26
386,Carmarthenshire,W1,,74,NOC,PC/IND,0,18,0,0,0,37,0,19,0,,W06000010,2016,2023,http://democracy.carmarthenshire.gov.wales/mgMemberIndex.aspx?FN=PARTY&VW=LIST&PIC=0,2019-04-26
387,Ceredigion,W1,,42,NOC,PC/IND,0,0,8,0,0,19,0,14,1,,W06000008,2016,2023,https://www.ceredigion.gov.uk/your-council/councillors-committees/councillors/,2019-04-26
388,Conwy,W1,,59,NOC,CON/IND,16,8,4,0,0,8,0,23,0,,W06000003,2016,2023,http://modgoveng.conwy.gov.uk/mgMemberIndex.aspx?FN=WARD&VW=LIST&PIC=0,2019-04-26
389,Denbighshire,W1,,47,NOC,CON/PC/IND,15,12,0,0,0,9,0,11,0,,W06000004,2016,2023,https://moderngov.denbighshire.gov.uk/mgMemberIndex.aspx?FN=PARTY&VW=LIST&PIC=0&LLL=0,2019-04-26
390,Flintshire,W1,,70,NOC,"LAB min",6,34,5,0,0,0,0,25,0,,W06000005,2016,2023,http://cyfarfodyddpwyllgor.siryfflint.gov.uk/mgMemberIndex.aspx?FN=GROUPING&VW=LIST&PIC=0&LLL=1,2019-04-26
391,Gwynedd,W1,,75,PC,PC,0,1,1,0,0,41,0,32,0,,W06000002,2016,2023,https://democracy.cyngor.gwynedd.gov.uk/mgMemberIndex.aspx?FN=PARTY&VW=LIST&PIC=0,2019-04-26
392,"Isle of Anglesey",W1,,30,NOC,PC/IND,0,2,1,0,0,14,0,13,0,,W06000001,2016,2023,http://democracy.anglesey.gov.uk/mgMemberIndex.aspx?FN=PARTY&VW=LIST&PIC=0&LLL=0,2019-04-26
393,"Merthyr Tydfil",W1,,33,IND,IND,0,14,0,0,0,0,0,19,0,,W06000024,2016,2023,http://democracy.merthyr.gov.uk/mgMemberIndex.aspx?VW=TABLE&PIC=1&FN=PARTY,2019-04-26
394,Monmouthshire,W1,,43,CON,CON,25,10,3,0,0,0,0,5,0,,W06000021,2016,2023,https://democracy.monmouthshire.gov.uk/mgMemberIndex.aspx?bcr=1,2019-04-26
395,"Neath Port Talbot",W1,,64,LAB,LAB,0,40,1,0,0,15,0,6,2,,W06000012,2016,2023,https://democracy.npt.gov.uk/mgMemberIndex.aspx?VW=TABLE&PIC=1&FN=PARTY,2019-04-26
396,Newport,W1,,50,LAB,LAB,12,31,2,0,0,0,0,5,0,,W06000022,2016,2023,https://democracy.newport.gov.uk/mgFindMember.aspx?XXR=0&AC=USERSEARCH,2019-04-26
397,Pembrokeshire,W1,,60,NOC,IND/LAB/LD/PC,11,7,1,0,0,6,0,35,0,,W06000009,2016,2023,http://mgenglish.pembrokeshire.gov.uk/mgMemberIndex.aspx?bcr=1,2019-04-26
398,Powys,W1,,73,NOC,IND/CON,19,7,13,1,0,2,0,31,0,,W06000023,2016,2023,http://powys.moderngov.co.uk/mgMemberIndex.aspx?FN=PARTY&VW=LIST&PIC=0,2019-04-26
399,"Rhondda Cynon Taff",W1,,75,LAB,LAB,2,47,1,0,0,17,0,8,0,,W06000016,2016,2023,http://www.rctcbc.gov.uk/EN/Council/CouncillorsCommitteesandMeetings/Councillors/Councillors.aspx?CouncillorsListing_DisplayMode=Party,2019-04-26
400,Swansea,W1,,72,LAB,LAB,9,48,7,0,0,0,0,8,0,,W06000011,2016,2023,http://democracy.swansea.gov.uk/mgMemberIndex.aspx?bcr=1&LLL=0?Lang=eng,2019-04-26
401,Torfaen,W1,,44,LAB,LAB,5,27,0,0,0,0,0,12,0,,W06000020,2016,2023,http://moderngov.torfaen.gov.uk/mgFindMember.aspx?XXR=0&AC=USERSEARCH,2019-04-26
402,"Vale of Glamorgan",W1,,47,NOC,CON/IND,23,14,0,0,0,4,0,6,0,,W06000014,2016,2023,http://www.valeofglamorgan.gov.uk/en/our_council/Council-Structure/councillors/Councillor-Search.aspx,2019-02-28
403,Wrexham,W1,,52,NOC,IND/LAB/CON/PC/LD,8,12,2,0,0,3,0,27,0,,W06000006,2016,2023,http://moderngov.wrexham.gov.uk/mgMemberIndex.aspx?FN=GROUPING&VW=LIST&PIC=0&LLL=undefined,2019-04-26
